session_id,timestamp_ms_since_start,local_time,iso_time,task_index,task_label,event_type,element_tag,element_id,element_classes,element_text,css_path,x,y,viewport_w,viewport_h,button,button_label,deltaY,deltaMode,wheel_direction,zoom_hint,key,code,ctrl,alt,shift,extra_json
P04,1,2025-11-25T10:19:58.046+01:00,2025-11-25T09:19:58.046Z,1,"Úkol 1: Volně si prohlédněte a prozkoumejte aplikaci. Zkuste zjistit, jaké nabízí možnosti a jak se v ní orientujete. Cílem je seznámit se s rozhraním a ovládáním.",session_start,,,,,,,,,,,,,,,,,,,,,"{""ua"":""Mozilla/5.0 (Windows NT 10.0; Win64; x64; rv:145.0) Gecko/20100101 Firefox/145.0"",""viewport_w"":1920,""viewport_h"":947,""url"":""https://vanicektomas.github.io/3D-Geo-Vis_experiment/3d_geo_vis-main/3d_geo_vis-main/index.html"",""session_id"":""w0qpa92woumied7dr1""}"
P04,0,2025-11-25T10:20:18.734+01:00,2025-11-25T09:20:18.734Z,1,"Úkol 1: Volně si prohlédněte a prozkoumejte aplikaci. Zkuste zjistit, jaké nabízí možnosti a jak se v ní orientujete. Cílem je seznámit se s rozhraním a ovládáním.",session_start,,,,,,,,,,,,,,,,,,,,,"{""ua"":""Mozilla/5.0 (Windows NT 10.0; Win64; x64; rv:145.0) Gecko/20100101 Firefox/145.0"",""viewport_w"":1920,""viewport_h"":896,""url"":""https://vanicektomas.github.io/3D-Geo-Vis_experiment/3d_geo_vis-main/3d_geo_vis-main/point_cloud.html"",""session_id"":""5qbbf3fcelymied7tpq""}"
P04,31485,2025-11-25T10:20:29.530+01:00,2025-11-25T09:20:29.530Z,1,"Úkol 1: Volně si prohlédněte a prozkoumejte aplikaci. Zkuste zjistit, jaké nabízí možnosti a jak se v ní orientujete. Cílem je seznámit se s rozhraním a ovládáním.",task_start,,,,,,,,,,,,,,,,,,,,,
P04,17328,2025-11-25T10:20:36.062+01:00,2025-11-25T09:20:36.063Z,1,"Úkol 1: Volně si prohlédněte a prozkoumejte aplikaci. Zkuste zjistit, jaké nabízí možnosti a jak se v ní orientujete. Cílem je seznámit se s rozhraním a ovládáním.",focus,,,,,,,,,,,,,,,,,,,,,
P04,18367,2025-11-25T10:20:37.101+01:00,2025-11-25T09:20:37.101Z,1,"Úkol 1: Volně si prohlédněte a prozkoumejte aplikaci. Zkuste zjistit, jaké nabízí možnosti a jak se v ní orientujete. Cílem je seznámit se s rozhraním a ovládáním.",click,div,,esri-view-surface.esri-view-surface--touch-none,,html:nth-of-type(1) > body:nth-of-type(1) > div:nth-of-type(2) > div:nth-of-type(1) > div:nth-of-type(1),1006,234,1920,896,0,left,,,,,,,,,,
P04,19381,2025-11-25T10:20:38.115+01:00,2025-11-25T09:20:38.115Z,1,"Úkol 1: Volně si prohlédněte a prozkoumejte aplikaci. Zkuste zjistit, jaké nabízí možnosti a jak se v ní orientujete. Cílem je seznámit se s rozhraním a ovládáním.",click,div,,esri-view-surface.esri-view-surface--touch-none,,html:nth-of-type(1) > body:nth-of-type(1) > div:nth-of-type(2) > div:nth-of-type(1) > div:nth-of-type(1),889,399,1920,896,0,left,,,,,,,,,,
P04,24280,2025-11-25T10:20:43.014+01:00,2025-11-25T09:20:43.014Z,1,"Úkol 1: Volně si prohlédněte a prozkoumejte aplikaci. Zkuste zjistit, jaké nabízí možnosti a jak se v ní orientujete. Cílem je seznámit se s rozhraním a ovládáním.",click,input,transparencyInput,,,html:nth-of-type(1) > body:nth-of-type(1) > div:nth-of-type(3) > div:nth-of-type(2) > div:nth-of-type(1) > input:nth-of-type(1),1744,370,1920,896,0,left,,,,,,,,,,
P04,25287,2025-11-25T10:20:44.021+01:00,2025-11-25T09:20:44.021Z,1,"Úkol 1: Volně si prohlédněte a prozkoumejte aplikaci. Zkuste zjistit, jaké nabízí možnosti a jak se v ní orientujete. Cílem je seznámit se s rozhraním a ovládáním.",click,input,transparencyInput,,,html:nth-of-type(1) > body:nth-of-type(1) > div:nth-of-type(3) > div:nth-of-type(2) > div:nth-of-type(1) > input:nth-of-type(1),1912,354,1920,896,0,left,,,,,,,,,,
P04,30959,2025-11-25T10:20:49.693+01:00,2025-11-25T09:20:49.694Z,1,"Úkol 1: Volně si prohlédněte a prozkoumejte aplikaci. Zkuste zjistit, jaké nabízí možnosti a jak se v ní orientujete. Cílem je seznámit se s rozhraním a ovládáním.",wheel,canvas,,,,html:nth-of-type(1) > body:nth-of-type(1) > div:nth-of-type(2) > div:nth-of-type(1) > div:nth-of-type(1) > canvas:nth-of-type(1),815,382,1920,896,,,-102,0,up,zoom_in,,,,,,
P04,31008,2025-11-25T10:20:49.742+01:00,2025-11-25T09:20:49.742Z,1,"Úkol 1: Volně si prohlédněte a prozkoumejte aplikaci. Zkuste zjistit, jaké nabízí možnosti a jak se v ní orientujete. Cílem je seznámit se s rozhraním a ovládáním.",wheel,canvas,,,,html:nth-of-type(1) > body:nth-of-type(1) > div:nth-of-type(2) > div:nth-of-type(1) > div:nth-of-type(1) > canvas:nth-of-type(1),815,382,1920,896,,,-102,0,up,zoom_in,,,,,,
P04,31052,2025-11-25T10:20:49.786+01:00,2025-11-25T09:20:49.786Z,1,"Úkol 1: Volně si prohlédněte a prozkoumejte aplikaci. Zkuste zjistit, jaké nabízí možnosti a jak se v ní orientujete. Cílem je seznámit se s rozhraním a ovládáním.",wheel,canvas,,,,html:nth-of-type(1) > body:nth-of-type(1) > div:nth-of-type(2) > div:nth-of-type(1) > div:nth-of-type(1) > canvas:nth-of-type(1),815,382,1920,896,,,-102,0,up,zoom_in,,,,,,
P04,35582,2025-11-25T10:20:54.316+01:00,2025-11-25T09:20:54.316Z,1,"Úkol 1: Volně si prohlédněte a prozkoumejte aplikaci. Zkuste zjistit, jaké nabízí možnosti a jak se v ní orientujete. Cílem je seznámit se s rozhraním a ovládáním.",wheel,canvas,,,,html:nth-of-type(1) > body:nth-of-type(1) > div:nth-of-type(2) > div:nth-of-type(1) > div:nth-of-type(1) > canvas:nth-of-type(1),830,376,1920,896,,,102,0,down,zoom_out,,,,,,
P04,35624,2025-11-25T10:20:54.358+01:00,2025-11-25T09:20:54.358Z,1,"Úkol 1: Volně si prohlédněte a prozkoumejte aplikaci. Zkuste zjistit, jaké nabízí možnosti a jak se v ní orientujete. Cílem je seznámit se s rozhraním a ovládáním.",wheel,canvas,,,,html:nth-of-type(1) > body:nth-of-type(1) > div:nth-of-type(2) > div:nth-of-type(1) > div:nth-of-type(1) > canvas:nth-of-type(1),830,376,1920,896,,,102,0,down,zoom_out,,,,,,
P04,35691,2025-11-25T10:20:54.425+01:00,2025-11-25T09:20:54.425Z,1,"Úkol 1: Volně si prohlédněte a prozkoumejte aplikaci. Zkuste zjistit, jaké nabízí možnosti a jak se v ní orientujete. Cílem je seznámit se s rozhraním a ovládáním.",wheel,canvas,,,,html:nth-of-type(1) > body:nth-of-type(1) > div:nth-of-type(2) > div:nth-of-type(1) > div:nth-of-type(1) > canvas:nth-of-type(1),830,376,1920,896,,,102,0,down,zoom_out,,,,,,
P04,37643,2025-11-25T10:20:56.377+01:00,2025-11-25T09:20:56.377Z,1,"Úkol 1: Volně si prohlédněte a prozkoumejte aplikaci. Zkuste zjistit, jaké nabízí možnosti a jak se v ní orientujete. Cílem je seznámit se s rozhraním a ovládáním.",click,div,colorRampPreview,,,html:nth-of-type(1) > body:nth-of-type(1) > div:nth-of-type(3) > div:nth-of-type(2) > div:nth-of-type(1) > div:nth-of-type(2),1865,251,1920,896,0,left,,,,,,,,,,
P04,38372,2025-11-25T10:20:57.106+01:00,2025-11-25T09:20:57.106Z,1,"Úkol 1: Volně si prohlédněte a prozkoumejte aplikaci. Zkuste zjistit, jaké nabízí možnosti a jak se v ní orientujete. Cílem je seznámit se s rozhraním a ovládáním.",click,input,endColorPicker,,,html:nth-of-type(1) > body:nth-of-type(1) > div:nth-of-type(3) > div:nth-of-type(2) > div:nth-of-type(1) > div:nth-of-type(1) > input:nth-of-type(3),1858,213,1920,896,0,left,,,,,,,,,,
P04,38623,2025-11-25T10:20:57.357+01:00,2025-11-25T09:20:57.357Z,1,"Úkol 1: Volně si prohlédněte a prozkoumejte aplikaci. Zkuste zjistit, jaké nabízí možnosti a jak se v ní orientujete. Cílem je seznámit se s rozhraním a ovládáním.",blur,,,,,,,,,,,,,,,,,,,,,
P04,45075,2025-11-25T10:21:03.809+01:00,2025-11-25T09:21:03.809Z,1,"Úkol 1: Volně si prohlédněte a prozkoumejte aplikaci. Zkuste zjistit, jaké nabízí možnosti a jak se v ní orientujete. Cílem je seznámit se s rozhraním a ovládáním.",focus,,,,,,,,,,,,,,,,,,,,,
P04,46127,2025-11-25T10:21:04.861+01:00,2025-11-25T09:21:04.861Z,1,"Úkol 1: Volně si prohlédněte a prozkoumejte aplikaci. Zkuste zjistit, jaké nabízí možnosti a jak se v ní orientujete. Cílem je seznámit se s rozhraním a ovládáním.",click,div,colorRampPreview,,,html:nth-of-type(1) > body:nth-of-type(1) > div:nth-of-type(3) > div:nth-of-type(2) > div:nth-of-type(1) > div:nth-of-type(2),1747,249,1920,896,0,left,,,,,,,,,,
P04,46550,2025-11-25T10:21:05.284+01:00,2025-11-25T09:21:05.284Z,1,"Úkol 1: Volně si prohlédněte a prozkoumejte aplikaci. Zkuste zjistit, jaké nabízí možnosti a jak se v ní orientujete. Cílem je seznámit se s rozhraním a ovládáním.",click,div,colorRampPreview,,,html:nth-of-type(1) > body:nth-of-type(1) > div:nth-of-type(3) > div:nth-of-type(2) > div:nth-of-type(1) > div:nth-of-type(2),1765,254,1920,896,0,left,,,,,,,,,,
P04,46959,2025-11-25T10:21:05.693+01:00,2025-11-25T09:21:05.693Z,1,"Úkol 1: Volně si prohlédněte a prozkoumejte aplikaci. Zkuste zjistit, jaké nabízí možnosti a jak se v ní orientujete. Cílem je seznámit se s rozhraním a ovládáním.",click,input,middleColorPicker,,,html:nth-of-type(1) > body:nth-of-type(1) > div:nth-of-type(3) > div:nth-of-type(2) > div:nth-of-type(1) > div:nth-of-type(1) > input:nth-of-type(2),1746,216,1920,896,0,left,,,,,,,,,,
P04,46979,2025-11-25T10:21:05.713+01:00,2025-11-25T09:21:05.713Z,1,"Úkol 1: Volně si prohlédněte a prozkoumejte aplikaci. Zkuste zjistit, jaké nabízí možnosti a jak se v ní orientujete. Cílem je seznámit se s rozhraním a ovládáním.",blur,,,,,,,,,,,,,,,,,,,,,
P04,50899,2025-11-25T10:21:09.633+01:00,2025-11-25T09:21:09.633Z,1,"Úkol 1: Volně si prohlédněte a prozkoumejte aplikaci. Zkuste zjistit, jaké nabízí možnosti a jak se v ní orientujete. Cílem je seznámit se s rozhraním a ovládáním.",focus,,,,,,,,,,,,,,,,,,,,,
P04,51992,2025-11-25T10:21:10.726+01:00,2025-11-25T09:21:10.726Z,1,"Úkol 1: Volně si prohlédněte a prozkoumejte aplikaci. Zkuste zjistit, jaké nabízí možnosti a jak se v ní orientujete. Cílem je seznámit se s rozhraním a ovládáním.",click,input,startColorPicker,,,html:nth-of-type(1) > body:nth-of-type(1) > div:nth-of-type(3) > div:nth-of-type(2) > div:nth-of-type(1) > div:nth-of-type(1) > input:nth-of-type(1),1678,209,1920,896,0,left,,,,,,,,,,
P04,52010,2025-11-25T10:21:10.744+01:00,2025-11-25T09:21:10.744Z,1,"Úkol 1: Volně si prohlédněte a prozkoumejte aplikaci. Zkuste zjistit, jaké nabízí možnosti a jak se v ní orientujete. Cílem je seznámit se s rozhraním a ovládáním.",blur,,,,,,,,,,,,,,,,,,,,,
P04,56668,2025-11-25T10:21:15.402+01:00,2025-11-25T09:21:15.402Z,1,"Úkol 1: Volně si prohlédněte a prozkoumejte aplikaci. Zkuste zjistit, jaké nabízí možnosti a jak se v ní orientujete. Cílem je seznámit se s rozhraním a ovládáním.",focus,,,,,,,,,,,,,,,,,,,,,
P04,59335,2025-11-25T10:21:18.069+01:00,2025-11-25T09:21:18.069Z,1,"Úkol 1: Volně si prohlédněte a prozkoumejte aplikaci. Zkuste zjistit, jaké nabízí možnosti a jak se v ní orientujete. Cílem je seznámit se s rozhraním a ovládáním.",click,calcite-button,,esri-widget--button,,body:nth-of-type(1) > div:nth-of-type(2) > div:nth-of-type(1) > div:nth-of-type(3) > div:nth-of-type(1) > div:nth-of-type(1) > div:nth-of-type(5) > div:nth-of-type(2) > div:nth-of-type(1) > calcite-button:nth-of-type(1),24,322,1920,896,0,left,,,,,,,,,,
P04,61359,2025-11-25T10:21:20.093+01:00,2025-11-25T09:21:20.093Z,1,"Úkol 1: Volně si prohlédněte a prozkoumejte aplikaci. Zkuste zjistit, jaké nabízí možnosti a jak se v ní orientujete. Cílem je seznámit se s rozhraním a ovládáním.",click,calcite-button,,esri-widget--button,,body:nth-of-type(1) > div:nth-of-type(2) > div:nth-of-type(1) > div:nth-of-type(3) > div:nth-of-type(1) > div:nth-of-type(1) > div:nth-of-type(5) > div:nth-of-type(2) > div:nth-of-type(1) > calcite-button:nth-of-type(1),24,322,1920,896,0,left,,,,,,,,,,
P04,64481,2025-11-25T10:21:23.215+01:00,2025-11-25T09:21:23.215Z,1,"Úkol 1: Volně si prohlédněte a prozkoumejte aplikaci. Zkuste zjistit, jaké nabízí možnosti a jak se v ní orientujete. Cílem je seznámit se s rozhraním a ovládáním.",wheel,div,symbologyControls,,Color Ramp Transparency Point Size Size: Height (Elevation) Min Z Offset: Max…,html:nth-of-type(1) > body:nth-of-type(1) > div:nth-of-type(3) > div:nth-of-type(2) > div:nth-of-type(1),1696,591,1920,896,,,132,0,down,zoom_out,,,,,,
P04,64512,2025-11-25T10:21:23.246+01:00,2025-11-25T09:21:23.246Z,1,"Úkol 1: Volně si prohlédněte a prozkoumejte aplikaci. Zkuste zjistit, jaké nabízí možnosti a jak se v ní orientujete. Cílem je seznámit se s rozhraním a ovládáním.",wheel,div,symbologyControls,,Color Ramp Transparency Point Size Size: Height (Elevation) Min Z Offset: Max…,html:nth-of-type(1) > body:nth-of-type(1) > div:nth-of-type(3) > div:nth-of-type(2) > div:nth-of-type(1),1696,591,1920,896,,,132,0,down,zoom_out,,,,,,
P04,64558,2025-11-25T10:21:23.292+01:00,2025-11-25T09:21:23.292Z,1,"Úkol 1: Volně si prohlédněte a prozkoumejte aplikaci. Zkuste zjistit, jaké nabízí možnosti a jak se v ní orientujete. Cílem je seznámit se s rozhraním a ovládáním.",wheel,div,symbologyControls,,Color Ramp Transparency Point Size Size: Height (Elevation) Min Z Offset: Max…,html:nth-of-type(1) > body:nth-of-type(1) > div:nth-of-type(3) > div:nth-of-type(2) > div:nth-of-type(1),1696,591,1920,896,,,132,0,down,zoom_out,,,,,,
P04,65768,2025-11-25T10:21:24.502+01:00,2025-11-25T09:21:24.502Z,1,"Úkol 1: Volně si prohlédněte a prozkoumejte aplikaci. Zkuste zjistit, jaké nabízí možnosti a jak se v ní orientujete. Cílem je seznámit se s rozhraním a ovládáním.",click,input,sizeInput,,,html:nth-of-type(1) > body:nth-of-type(1) > div:nth-of-type(3) > div:nth-of-type(2) > div:nth-of-type(1) > input:nth-of-type(2),1444,507,1920,896,0,left,,,,,,,,,,
P04,66476,2025-11-25T10:21:25.210+01:00,2025-11-25T09:21:25.210Z,1,"Úkol 1: Volně si prohlédněte a prozkoumejte aplikaci. Zkuste zjistit, jaké nabízí možnosti a jak se v ní orientujete. Cílem je seznámit se s rozhraním a ovládáním.",keydown,input,sizeInput,,,html:nth-of-type(1) > body:nth-of-type(1) > div:nth-of-type(3) > div:nth-of-type(2) > div:nth-of-type(1) > input:nth-of-type(2),,,,,,,,,,,1,Numpad1,false,false,false,
P04,66606,2025-11-25T10:21:25.340+01:00,2025-11-25T09:21:25.340Z,1,"Úkol 1: Volně si prohlédněte a prozkoumejte aplikaci. Zkuste zjistit, jaké nabízí možnosti a jak se v ní orientujete. Cílem je seznámit se s rozhraním a ovládáním.",keydown,input,sizeInput,,,html:nth-of-type(1) > body:nth-of-type(1) > div:nth-of-type(3) > div:nth-of-type(2) > div:nth-of-type(1) > input:nth-of-type(2),,,,,,,,,,,0,Numpad0,false,false,false,
P04,66742,2025-11-25T10:21:25.476+01:00,2025-11-25T09:21:25.476Z,1,"Úkol 1: Volně si prohlédněte a prozkoumejte aplikaci. Zkuste zjistit, jaké nabízí možnosti a jak se v ní orientujete. Cílem je seznámit se s rozhraním a ovládáním.",keydown,input,sizeInput,,,html:nth-of-type(1) > body:nth-of-type(1) > div:nth-of-type(3) > div:nth-of-type(2) > div:nth-of-type(1) > input:nth-of-type(2),,,,,,,,,,,0,Numpad0,false,false,false,
P04,69039,2025-11-25T10:21:27.773+01:00,2025-11-25T09:21:27.773Z,1,"Úkol 1: Volně si prohlédněte a prozkoumejte aplikaci. Zkuste zjistit, jaké nabízí možnosti a jak se v ní orientujete. Cílem je seznámit se s rozhraním a ovládáním.",keydown,input,sizeInput,,,html:nth-of-type(1) > body:nth-of-type(1) > div:nth-of-type(3) > div:nth-of-type(2) > div:nth-of-type(1) > input:nth-of-type(2),,,,,,,,,,,0,Numpad0,false,false,false,
P04,69774,2025-11-25T10:21:28.508+01:00,2025-11-25T09:21:28.509Z,1,"Úkol 1: Volně si prohlédněte a prozkoumejte aplikaci. Zkuste zjistit, jaké nabízí možnosti a jak se v ní orientujete. Cílem je seznámit se s rozhraním a ovládáním.",keydown,input,sizeInput,,,html:nth-of-type(1) > body:nth-of-type(1) > div:nth-of-type(3) > div:nth-of-type(2) > div:nth-of-type(1) > input:nth-of-type(2),,,,,,,,,,,Enter,Enter,false,false,false,
P04,71303,2025-11-25T10:21:30.037+01:00,2025-11-25T09:21:30.037Z,1,"Úkol 1: Volně si prohlédněte a prozkoumejte aplikaci. Zkuste zjistit, jaké nabízí možnosti a jak se v ní orientujete. Cílem je seznámit se s rozhraním a ovládáním.",wheel,canvas,,,,html:nth-of-type(1) > body:nth-of-type(1) > div:nth-of-type(2) > div:nth-of-type(1) > div:nth-of-type(1) > canvas:nth-of-type(1),776,398,1920,896,,,-102,0,up,zoom_in,,,,,,
P04,71425,2025-11-25T10:21:30.159+01:00,2025-11-25T09:21:30.159Z,1,"Úkol 1: Volně si prohlédněte a prozkoumejte aplikaci. Zkuste zjistit, jaké nabízí možnosti a jak se v ní orientujete. Cílem je seznámit se s rozhraním a ovládáním.",wheel,canvas,,,,html:nth-of-type(1) > body:nth-of-type(1) > div:nth-of-type(2) > div:nth-of-type(1) > div:nth-of-type(1) > canvas:nth-of-type(1),776,398,1920,896,,,-102,0,up,zoom_in,,,,,,
P04,73068,2025-11-25T10:21:31.802+01:00,2025-11-25T09:21:31.802Z,1,"Úkol 1: Volně si prohlédněte a prozkoumejte aplikaci. Zkuste zjistit, jaké nabízí možnosti a jak se v ní orientujete. Cílem je seznámit se s rozhraním a ovládáním.",click,div,,esri-view-surface.esri-view-surface--touch-none,,html:nth-of-type(1) > body:nth-of-type(1) > div:nth-of-type(2) > div:nth-of-type(1) > div:nth-of-type(1),1000,452,1920,896,0,left,,,,,,,,,,
P04,74734,2025-11-25T10:21:33.468+01:00,2025-11-25T09:21:33.468Z,1,"Úkol 1: Volně si prohlédněte a prozkoumejte aplikaci. Zkuste zjistit, jaké nabízí možnosti a jak se v ní orientujete. Cílem je seznámit se s rozhraním a ovládáním.",wheel,canvas,,,,html:nth-of-type(1) > body:nth-of-type(1) > div:nth-of-type(2) > div:nth-of-type(1) > div:nth-of-type(1) > canvas:nth-of-type(1),1129,479,1920,896,,,102,0,down,zoom_out,,,,,,
P04,75896,2025-11-25T10:21:34.630+01:00,2025-11-25T09:21:34.630Z,1,"Úkol 1: Volně si prohlédněte a prozkoumejte aplikaci. Zkuste zjistit, jaké nabízí možnosti a jak se v ní orientujete. Cílem je seznámit se s rozhraním a ovládáním.",click,input,sizeInput,,,html:nth-of-type(1) > body:nth-of-type(1) > div:nth-of-type(3) > div:nth-of-type(2) > div:nth-of-type(1) > input:nth-of-type(2),1711,520,1920,896,0,left,,,,,,,,,,
P04,76810,2025-11-25T10:21:35.544+01:00,2025-11-25T09:21:35.544Z,1,"Úkol 1: Volně si prohlédněte a prozkoumejte aplikaci. Zkuste zjistit, jaké nabízí možnosti a jak se v ní orientujete. Cílem je seznámit se s rozhraním a ovládáním.",keydown,input,sizeInput,,,html:nth-of-type(1) > body:nth-of-type(1) > div:nth-of-type(3) > div:nth-of-type(2) > div:nth-of-type(1) > input:nth-of-type(2),,,,,,,,,,,0,Numpad0,false,false,false,
P04,79454,2025-11-25T10:21:38.188+01:00,2025-11-25T09:21:38.188Z,1,"Úkol 1: Volně si prohlédněte a prozkoumejte aplikaci. Zkuste zjistit, jaké nabízí možnosti a jak se v ní orientujete. Cílem je seznámit se s rozhraním a ovládáním.",wheel,canvas,,,,html:nth-of-type(1) > body:nth-of-type(1) > div:nth-of-type(2) > div:nth-of-type(1) > div:nth-of-type(1) > canvas:nth-of-type(1),1035,402,1920,896,,,102,0,down,zoom_out,,,,,,
P04,79589,2025-11-25T10:21:38.323+01:00,2025-11-25T09:21:38.323Z,1,"Úkol 1: Volně si prohlédněte a prozkoumejte aplikaci. Zkuste zjistit, jaké nabízí možnosti a jak se v ní orientujete. Cílem je seznámit se s rozhraním a ovládáním.",wheel,canvas,,,,html:nth-of-type(1) > body:nth-of-type(1) > div:nth-of-type(2) > div:nth-of-type(1) > div:nth-of-type(1) > canvas:nth-of-type(1),1035,402,1920,896,,,102,0,down,zoom_out,,,,,,
P04,79685,2025-11-25T10:21:38.419+01:00,2025-11-25T09:21:38.419Z,1,"Úkol 1: Volně si prohlédněte a prozkoumejte aplikaci. Zkuste zjistit, jaké nabízí možnosti a jak se v ní orientujete. Cílem je seznámit se s rozhraním a ovládáním.",wheel,canvas,,,,html:nth-of-type(1) > body:nth-of-type(1) > div:nth-of-type(2) > div:nth-of-type(1) > div:nth-of-type(1) > canvas:nth-of-type(1),1035,402,1920,896,,,102,0,down,zoom_out,,,,,,
P04,80783,2025-11-25T10:21:39.517+01:00,2025-11-25T09:21:39.517Z,1,"Úkol 1: Volně si prohlédněte a prozkoumejte aplikaci. Zkuste zjistit, jaké nabízí možnosti a jak se v ní orientujete. Cílem je seznámit se s rozhraním a ovládáním.",wheel,canvas,,,,html:nth-of-type(1) > body:nth-of-type(1) > div:nth-of-type(2) > div:nth-of-type(1) > div:nth-of-type(1) > canvas:nth-of-type(1),843,499,1920,896,,,-102,0,up,zoom_in,,,,,,
P04,80847,2025-11-25T10:21:39.581+01:00,2025-11-25T09:21:39.581Z,1,"Úkol 1: Volně si prohlédněte a prozkoumejte aplikaci. Zkuste zjistit, jaké nabízí možnosti a jak se v ní orientujete. Cílem je seznámit se s rozhraním a ovládáním.",wheel,canvas,,,,html:nth-of-type(1) > body:nth-of-type(1) > div:nth-of-type(2) > div:nth-of-type(1) > div:nth-of-type(1) > canvas:nth-of-type(1),848,495,1920,896,,,-102,0,up,zoom_in,,,,,,
P04,80855,2025-11-25T10:21:39.589+01:00,2025-11-25T09:21:39.589Z,1,"Úkol 1: Volně si prohlédněte a prozkoumejte aplikaci. Zkuste zjistit, jaké nabízí možnosti a jak se v ní orientujete. Cílem je seznámit se s rozhraním a ovládáním.",wheel,canvas,,,,html:nth-of-type(1) > body:nth-of-type(1) > div:nth-of-type(2) > div:nth-of-type(1) > div:nth-of-type(1) > canvas:nth-of-type(1),851,494,1920,896,,,-102,0,up,zoom_in,,,,,,
P04,81699,2025-11-25T10:21:40.433+01:00,2025-11-25T09:21:40.433Z,1,"Úkol 1: Volně si prohlédněte a prozkoumejte aplikaci. Zkuste zjistit, jaké nabízí možnosti a jak se v ní orientujete. Cílem je seznámit se s rozhraním a ovládáním.",wheel,canvas,,,,html:nth-of-type(1) > body:nth-of-type(1) > div:nth-of-type(2) > div:nth-of-type(1) > div:nth-of-type(1) > canvas:nth-of-type(1),820,403,1920,896,,,-102,0,up,zoom_in,,,,,,
P04,81767,2025-11-25T10:21:40.501+01:00,2025-11-25T09:21:40.501Z,1,"Úkol 1: Volně si prohlédněte a prozkoumejte aplikaci. Zkuste zjistit, jaké nabízí možnosti a jak se v ní orientujete. Cílem je seznámit se s rozhraním a ovládáním.",wheel,canvas,,,,html:nth-of-type(1) > body:nth-of-type(1) > div:nth-of-type(2) > div:nth-of-type(1) > div:nth-of-type(1) > canvas:nth-of-type(1),820,403,1920,896,,,-102,0,up,zoom_in,,,,,,
P04,81777,2025-11-25T10:21:40.511+01:00,2025-11-25T09:21:40.511Z,1,"Úkol 1: Volně si prohlédněte a prozkoumejte aplikaci. Zkuste zjistit, jaké nabízí možnosti a jak se v ní orientujete. Cílem je seznámit se s rozhraním a ovládáním.",wheel,canvas,,,,html:nth-of-type(1) > body:nth-of-type(1) > div:nth-of-type(2) > div:nth-of-type(1) > div:nth-of-type(1) > canvas:nth-of-type(1),820,403,1920,896,,,-102,0,up,zoom_in,,,,,,
P04,81802,2025-11-25T10:21:40.536+01:00,2025-11-25T09:21:40.536Z,1,"Úkol 1: Volně si prohlédněte a prozkoumejte aplikaci. Zkuste zjistit, jaké nabízí možnosti a jak se v ní orientujete. Cílem je seznámit se s rozhraním a ovládáním.",wheel,canvas,,,,html:nth-of-type(1) > body:nth-of-type(1) > div:nth-of-type(2) > div:nth-of-type(1) > div:nth-of-type(1) > canvas:nth-of-type(1),820,403,1920,896,,,-102,0,up,zoom_in,,,,,,
P04,83085,2025-11-25T10:21:41.819+01:00,2025-11-25T09:21:41.819Z,1,"Úkol 1: Volně si prohlédněte a prozkoumejte aplikaci. Zkuste zjistit, jaké nabízí možnosti a jak se v ní orientujete. Cílem je seznámit se s rozhraním a ovládáním.",wheel,canvas,,,,html:nth-of-type(1) > body:nth-of-type(1) > div:nth-of-type(2) > div:nth-of-type(1) > div:nth-of-type(1) > canvas:nth-of-type(1),819,403,1920,896,,,102,0,down,zoom_out,,,,,,
P04,84533,2025-11-25T10:21:43.267+01:00,2025-11-25T09:21:43.267Z,1,"Úkol 1: Volně si prohlédněte a prozkoumejte aplikaci. Zkuste zjistit, jaké nabízí možnosti a jak se v ní orientujete. Cílem je seznámit se s rozhraním a ovládáním.",wheel,h2,,,Shape,html:nth-of-type(1) > body:nth-of-type(1) > div:nth-of-type(3) > div:nth-of-type(2) > div:nth-of-type(1) > h2:nth-of-type(5),1695,822,1920,896,,,102,0,down,zoom_out,,,,,,
P04,84534,2025-11-25T10:21:43.268+01:00,2025-11-25T09:21:43.269Z,1,"Úkol 1: Volně si prohlédněte a prozkoumejte aplikaci. Zkuste zjistit, jaké nabízí možnosti a jak se v ní orientujete. Cílem je seznámit se s rozhraním a ovládáním.",wheel,h2,,,Shape,html:nth-of-type(1) > body:nth-of-type(1) > div:nth-of-type(3) > div:nth-of-type(2) > div:nth-of-type(1) > h2:nth-of-type(5),1695,822,1920,896,,,102,0,down,zoom_out,,,,,,
P04,84535,2025-11-25T10:21:43.269+01:00,2025-11-25T09:21:43.269Z,1,"Úkol 1: Volně si prohlédněte a prozkoumejte aplikaci. Zkuste zjistit, jaké nabízí možnosti a jak se v ní orientujete. Cílem je seznámit se s rozhraním a ovládáním.",wheel,h2,,,Shape,html:nth-of-type(1) > body:nth-of-type(1) > div:nth-of-type(3) > div:nth-of-type(2) > div:nth-of-type(1) > h2:nth-of-type(5),1695,822,1920,896,,,102,0,down,zoom_out,,,,,,
P04,86050,2025-11-25T10:21:44.784+01:00,2025-11-25T09:21:44.784Z,1,"Úkol 1: Volně si prohlédněte a prozkoumejte aplikaci. Zkuste zjistit, jaké nabízí možnosti a jak se v ní orientujete. Cílem je seznámit se s rozhraním a ovládáním.",click,option,,,Diamond,html:nth-of-type(1) > body:nth-of-type(1) > div:nth-of-type(3) > div:nth-of-type(2) > div:nth-of-type(1) > select:nth-of-type(1) > option:nth-of-type(3),0,0,1920,896,0,left,,,,,,,,,,
P04,87462,2025-11-25T10:21:46.196+01:00,2025-11-25T09:21:46.196Z,1,"Úkol 1: Volně si prohlédněte a prozkoumejte aplikaci. Zkuste zjistit, jaké nabízí možnosti a jak se v ní orientujete. Cílem je seznámit se s rozhraním a ovládáním.",click,input,sizeInput,,,html:nth-of-type(1) > body:nth-of-type(1) > div:nth-of-type(3) > div:nth-of-type(2) > div:nth-of-type(1) > input:nth-of-type(2),1732,522,1920,896,0,left,,,,,,,,,,
P04,88567,2025-11-25T10:21:47.301+01:00,2025-11-25T09:21:47.301Z,1,"Úkol 1: Volně si prohlédněte a prozkoumejte aplikaci. Zkuste zjistit, jaké nabízí možnosti a jak se v ní orientujete. Cílem je seznámit se s rozhraním a ovládáním.",keydown,input,sizeInput,,,html:nth-of-type(1) > body:nth-of-type(1) > div:nth-of-type(3) > div:nth-of-type(2) > div:nth-of-type(1) > input:nth-of-type(2),,,,,,,,,,,ArrowLeft,ArrowLeft,false,false,false,
P04,88758,2025-11-25T10:21:47.492+01:00,2025-11-25T09:21:47.492Z,1,"Úkol 1: Volně si prohlédněte a prozkoumejte aplikaci. Zkuste zjistit, jaké nabízí možnosti a jak se v ní orientujete. Cílem je seznámit se s rozhraním a ovládáním.",keydown,input,sizeInput,,,html:nth-of-type(1) > body:nth-of-type(1) > div:nth-of-type(3) > div:nth-of-type(2) > div:nth-of-type(1) > input:nth-of-type(2),,,,,,,,,,,ArrowLeft,ArrowLeft,false,false,false,
P04,88902,2025-11-25T10:21:47.636+01:00,2025-11-25T09:21:47.636Z,1,"Úkol 1: Volně si prohlédněte a prozkoumejte aplikaci. Zkuste zjistit, jaké nabízí možnosti a jak se v ní orientujete. Cílem je seznámit se s rozhraním a ovládáním.",keydown,input,sizeInput,,,html:nth-of-type(1) > body:nth-of-type(1) > div:nth-of-type(3) > div:nth-of-type(2) > div:nth-of-type(1) > input:nth-of-type(2),,,,,,,,,,,ArrowLeft,ArrowLeft,false,false,false,
P04,89055,2025-11-25T10:21:47.789+01:00,2025-11-25T09:21:47.789Z,1,"Úkol 1: Volně si prohlédněte a prozkoumejte aplikaci. Zkuste zjistit, jaké nabízí možnosti a jak se v ní orientujete. Cílem je seznámit se s rozhraním a ovládáním.",keydown,input,sizeInput,,,html:nth-of-type(1) > body:nth-of-type(1) > div:nth-of-type(3) > div:nth-of-type(2) > div:nth-of-type(1) > input:nth-of-type(2),,,,,,,,,,,ArrowLeft,ArrowLeft,false,false,false,
P04,89606,2025-11-25T10:21:48.340+01:00,2025-11-25T09:21:48.340Z,1,"Úkol 1: Volně si prohlédněte a prozkoumejte aplikaci. Zkuste zjistit, jaké nabízí možnosti a jak se v ní orientujete. Cílem je seznámit se s rozhraním a ovládáním.",keydown,input,sizeInput,,,html:nth-of-type(1) > body:nth-of-type(1) > div:nth-of-type(3) > div:nth-of-type(2) > div:nth-of-type(1) > input:nth-of-type(2),,,,,,,,,,,Backspace,Backspace,false,false,false,
P04,89881,2025-11-25T10:21:48.615+01:00,2025-11-25T09:21:48.615Z,1,"Úkol 1: Volně si prohlédněte a prozkoumejte aplikaci. Zkuste zjistit, jaké nabízí možnosti a jak se v ní orientujete. Cílem je seznámit se s rozhraním a ovládáním.",keydown,input,sizeInput,,,html:nth-of-type(1) > body:nth-of-type(1) > div:nth-of-type(3) > div:nth-of-type(2) > div:nth-of-type(1) > input:nth-of-type(2),,,,,,,,,,,5,Numpad5,false,false,false,
P04,91487,2025-11-25T10:21:50.221+01:00,2025-11-25T09:21:50.221Z,1,"Úkol 1: Volně si prohlédněte a prozkoumejte aplikaci. Zkuste zjistit, jaké nabízí možnosti a jak se v ní orientujete. Cílem je seznámit se s rozhraním a ovládáním.",wheel,canvas,,,,html:nth-of-type(1) > body:nth-of-type(1) > div:nth-of-type(2) > div:nth-of-type(1) > div:nth-of-type(1) > canvas:nth-of-type(1),821,563,1920,896,,,102,0,down,zoom_out,,,,,,
P04,91574,2025-11-25T10:21:50.308+01:00,2025-11-25T09:21:50.308Z,1,"Úkol 1: Volně si prohlédněte a prozkoumejte aplikaci. Zkuste zjistit, jaké nabízí možnosti a jak se v ní orientujete. Cílem je seznámit se s rozhraním a ovládáním.",wheel,canvas,,,,html:nth-of-type(1) > body:nth-of-type(1) > div:nth-of-type(2) > div:nth-of-type(1) > div:nth-of-type(1) > canvas:nth-of-type(1),821,563,1920,896,,,204,0,down,zoom_out,,,,,,
P04,92418,2025-11-25T10:21:51.152+01:00,2025-11-25T09:21:51.152Z,1,"Úkol 1: Volně si prohlédněte a prozkoumejte aplikaci. Zkuste zjistit, jaké nabízí možnosti a jak se v ní orientujete. Cílem je seznámit se s rozhraním a ovládáním.",wheel,canvas,,,,html:nth-of-type(1) > body:nth-of-type(1) > div:nth-of-type(2) > div:nth-of-type(1) > div:nth-of-type(1) > canvas:nth-of-type(1),840,524,1920,896,,,-102,0,up,zoom_in,,,,,,
P04,92476,2025-11-25T10:21:51.210+01:00,2025-11-25T09:21:51.210Z,1,"Úkol 1: Volně si prohlédněte a prozkoumejte aplikaci. Zkuste zjistit, jaké nabízí možnosti a jak se v ní orientujete. Cílem je seznámit se s rozhraním a ovládáním.",wheel,canvas,,,,html:nth-of-type(1) > body:nth-of-type(1) > div:nth-of-type(2) > div:nth-of-type(1) > div:nth-of-type(1) > canvas:nth-of-type(1),840,524,1920,896,,,-204,0,up,zoom_in,,,,,,
P04,92540,2025-11-25T10:21:51.274+01:00,2025-11-25T09:21:51.274Z,1,"Úkol 1: Volně si prohlédněte a prozkoumejte aplikaci. Zkuste zjistit, jaké nabízí možnosti a jak se v ní orientujete. Cílem je seznámit se s rozhraním a ovládáním.",wheel,canvas,,,,html:nth-of-type(1) > body:nth-of-type(1) > div:nth-of-type(2) > div:nth-of-type(1) > div:nth-of-type(1) > canvas:nth-of-type(1),840,524,1920,896,,,-102,0,up,zoom_in,,,,,,
P04,94287,2025-11-25T10:21:53.021+01:00,2025-11-25T09:21:53.021Z,1,"Úkol 1: Volně si prohlédněte a prozkoumejte aplikaci. Zkuste zjistit, jaké nabízí možnosti a jak se v ní orientujete. Cílem je seznámit se s rozhraním a ovládáním.",click,div,,esri-view-surface.esri-view-surface--touch-none,,html:nth-of-type(1) > body:nth-of-type(1) > div:nth-of-type(2) > div:nth-of-type(1) > div:nth-of-type(1),1078,590,1920,896,0,left,,,,,,,,,,
P04,94421,2025-11-25T10:21:53.155+01:00,2025-11-25T09:21:53.155Z,1,"Úkol 1: Volně si prohlédněte a prozkoumejte aplikaci. Zkuste zjistit, jaké nabízí možnosti a jak se v ní orientujete. Cílem je seznámit se s rozhraním a ovládáním.",wheel,canvas,,,,html:nth-of-type(1) > body:nth-of-type(1) > div:nth-of-type(2) > div:nth-of-type(1) > div:nth-of-type(1) > canvas:nth-of-type(1),1078,590,1920,896,,,102,0,down,zoom_out,,,,,,
P04,94485,2025-11-25T10:21:53.219+01:00,2025-11-25T09:21:53.219Z,1,"Úkol 1: Volně si prohlédněte a prozkoumejte aplikaci. Zkuste zjistit, jaké nabízí možnosti a jak se v ní orientujete. Cílem je seznámit se s rozhraním a ovládáním.",wheel,canvas,,,,html:nth-of-type(1) > body:nth-of-type(1) > div:nth-of-type(2) > div:nth-of-type(1) > div:nth-of-type(1) > canvas:nth-of-type(1),1078,590,1920,896,,,102,0,down,zoom_out,,,,,,
P04,94939,2025-11-25T10:21:53.673+01:00,2025-11-25T09:21:53.673Z,1,"Úkol 1: Volně si prohlédněte a prozkoumejte aplikaci. Zkuste zjistit, jaké nabízí možnosti a jak se v ní orientujete. Cílem je seznámit se s rozhraním a ovládáním.",wheel,canvas,,,,html:nth-of-type(1) > body:nth-of-type(1) > div:nth-of-type(2) > div:nth-of-type(1) > div:nth-of-type(1) > canvas:nth-of-type(1),1078,590,1920,896,,,102,0,down,zoom_out,,,,,,
P04,95944,2025-11-25T10:21:54.678+01:00,2025-11-25T09:21:54.678Z,1,"Úkol 1: Volně si prohlédněte a prozkoumejte aplikaci. Zkuste zjistit, jaké nabízí možnosti a jak se v ní orientujete. Cílem je seznámit se s rozhraním a ovládáním.",wheel,canvas,,,,html:nth-of-type(1) > body:nth-of-type(1) > div:nth-of-type(2) > div:nth-of-type(1) > div:nth-of-type(1) > canvas:nth-of-type(1),969,483,1920,896,,,-102,0,up,zoom_in,,,,,,
P04,95953,2025-11-25T10:21:54.687+01:00,2025-11-25T09:21:54.687Z,1,"Úkol 1: Volně si prohlédněte a prozkoumejte aplikaci. Zkuste zjistit, jaké nabízí možnosti a jak se v ní orientujete. Cílem je seznámit se s rozhraním a ovládáním.",wheel,canvas,,,,html:nth-of-type(1) > body:nth-of-type(1) > div:nth-of-type(2) > div:nth-of-type(1) > div:nth-of-type(1) > canvas:nth-of-type(1),969,483,1920,896,,,-102,0,up,zoom_in,,,,,,
P04,97408,2025-11-25T10:21:56.142+01:00,2025-11-25T09:21:56.142Z,1,"Úkol 1: Volně si prohlédněte a prozkoumejte aplikaci. Zkuste zjistit, jaké nabízí možnosti a jak se v ní orientujete. Cílem je seznámit se s rozhraním a ovládáním.",click,div,,esri-view-surface.esri-view-surface--touch-none,,html:nth-of-type(1) > body:nth-of-type(1) > div:nth-of-type(2) > div:nth-of-type(1) > div:nth-of-type(1),1283,656,1920,896,0,left,,,,,,,,,,
P04,98415,2025-11-25T10:21:57.149+01:00,2025-11-25T09:21:57.149Z,1,"Úkol 1: Volně si prohlédněte a prozkoumejte aplikaci. Zkuste zjistit, jaké nabízí možnosti a jak se v ní orientujete. Cílem je seznámit se s rozhraním a ovládáním.",click,div,,esri-view-surface.esri-view-surface--touch-none,,html:nth-of-type(1) > body:nth-of-type(1) > div:nth-of-type(2) > div:nth-of-type(1) > div:nth-of-type(1),851,469,1920,896,0,left,,,,,,,,,,
P04,102368,2025-11-25T10:22:01.102+01:00,2025-11-25T09:22:01.102Z,1,"Úkol 1: Volně si prohlédněte a prozkoumejte aplikaci. Zkuste zjistit, jaké nabízí možnosti a jak se v ní orientujete. Cílem je seznámit se s rozhraním a ovládáním.",blur,,,,,,,,,,,,,,,,,,,,,
P04,123168,2025-11-25T10:22:01.213+01:00,2025-11-25T09:22:01.213Z,1,"Úkol 1: Volně si prohlédněte a prozkoumejte aplikaci. Zkuste zjistit, jaké nabízí možnosti a jak se v ní orientujete. Cílem je seznámit se s rozhraním a ovládáním.",task_end,,,,,,,,,,,,,,,,,,,,,"{""duration_ms"":91683}"
P04,123168,2025-11-25T10:22:01.213+01:00,2025-11-25T09:22:01.213Z,2,"Úkol 2: Najděte vizualizaci „Point Cloud“ a zjistěte, jaká je nejvyšší hodnota teploty, kterou tato vizualizace zobrazuje.",task_next,,,,,,,,,,,,,,,,,,,,,
P04,135496,2025-11-25T10:22:13.541+01:00,2025-11-25T09:22:13.541Z,2,"Úkol 2: Najděte vizualizaci „Point Cloud“ a zjistěte, jaká je nejvyšší hodnota teploty, kterou tato vizualizace zobrazuje.",task_start,,,,,,,,,,,,,,,,,,,,,
P04,118823,2025-11-25T10:22:17.557+01:00,2025-11-25T09:22:17.557Z,2,"Úkol 2: Najděte vizualizaci „Point Cloud“ a zjistěte, jaká je nejvyšší hodnota teploty, kterou tato vizualizace zobrazuje.",wheel,label,,,Min Z Offset:,html:nth-of-type(1) > body:nth-of-type(1) > div:nth-of-type(3) > div:nth-of-type(2) > div:nth-of-type(1) > label:nth-of-type(2),1806,633,1920,896,,,102,0,down,zoom_out,,,,,,
P04,118870,2025-11-25T10:22:17.604+01:00,2025-11-25T09:22:17.604Z,2,"Úkol 2: Najděte vizualizaci „Point Cloud“ a zjistěte, jaká je nejvyšší hodnota teploty, kterou tato vizualizace zobrazuje.",wheel,label,,,Min Z Offset:,html:nth-of-type(1) > body:nth-of-type(1) > div:nth-of-type(3) > div:nth-of-type(2) > div:nth-of-type(1) > label:nth-of-type(2),1806,633,1920,896,,,102,0,down,zoom_out,,,,,,
P04,119175,2025-11-25T10:22:17.909+01:00,2025-11-25T09:22:17.909Z,2,"Úkol 2: Najděte vizualizaci „Point Cloud“ a zjistěte, jaká je nejvyšší hodnota teploty, kterou tato vizualizace zobrazuje.",wheel,label,,,Min Z Offset:,html:nth-of-type(1) > body:nth-of-type(1) > div:nth-of-type(3) > div:nth-of-type(2) > div:nth-of-type(1) > label:nth-of-type(2),1806,633,1920,896,,,-132,0,up,zoom_in,,,,,,
P04,119214,2025-11-25T10:22:17.948+01:00,2025-11-25T09:22:17.948Z,2,"Úkol 2: Najděte vizualizaci „Point Cloud“ a zjistěte, jaká je nejvyšší hodnota teploty, kterou tato vizualizace zobrazuje.",wheel,label,,,Min Z Offset:,html:nth-of-type(1) > body:nth-of-type(1) > div:nth-of-type(3) > div:nth-of-type(2) > div:nth-of-type(1) > label:nth-of-type(2),1806,633,1920,896,,,-132,0,up,zoom_in,,,,,,
P04,124288,2025-11-25T10:22:23.022+01:00,2025-11-25T09:22:23.022Z,2,"Úkol 2: Najděte vizualizaci „Point Cloud“ a zjistěte, jaká je nejvyšší hodnota teploty, kterou tato vizualizace zobrazuje.",focus,,,,,,,,,,,,,,,,,,,,,
P04,124396,2025-11-25T10:22:23.130+01:00,2025-11-25T09:22:23.130Z,2,"Úkol 2: Najděte vizualizaci „Point Cloud“ a zjistěte, jaká je nejvyšší hodnota teploty, kterou tato vizualizace zobrazuje.",click,div,,esri-view-surface.esri-view-surface--touch-none,,html:nth-of-type(1) > body:nth-of-type(1) > div:nth-of-type(2) > div:nth-of-type(1) > div:nth-of-type(1),1019,414,1920,896,0,left,,,,,,,,,,
P04,127855,2025-11-25T10:22:26.589+01:00,2025-11-25T09:22:26.589Z,2,"Úkol 2: Najděte vizualizaci „Point Cloud“ a zjistěte, jaká je nejvyšší hodnota teploty, kterou tato vizualizace zobrazuje.",click,calcite-flow-item,,esri-features__content-feature,TemperatureValue: 270.170654296875,body:nth-of-type(1) > div:nth-of-type(2) > div:nth-of-type(1) > div:nth-of-type(3) > div:nth-of-type(2) > div:nth-of-type(2) > div:nth-of-type(1) > div:nth-of-type(1) > calcite-flow:nth-of-type(1) > calcite-flow-item:nth-of-type(1),1229,294,1920,896,0,left,,,,,,,,,,
P04,128828,2025-11-25T10:22:27.562+01:00,2025-11-25T09:22:27.562Z,2,"Úkol 2: Najděte vizualizaci „Point Cloud“ a zjistěte, jaká je nejvyšší hodnota teploty, kterou tato vizualizace zobrazuje.",click,div,,esri-view-surface.esri-view-surface--touch-none,,html:nth-of-type(1) > body:nth-of-type(1) > div:nth-of-type(2) > div:nth-of-type(1) > div:nth-of-type(1),516,747,1920,896,0,left,,,,,,,,,,
P04,134118,2025-11-25T10:22:32.852+01:00,2025-11-25T09:22:32.853Z,2,"Úkol 2: Najděte vizualizaci „Point Cloud“ a zjistěte, jaká je nejvyšší hodnota teploty, kterou tato vizualizace zobrazuje.",click,calcite-flow-item,,esri-features__content-feature,TemperatureValue: 287.201904296875,body:nth-of-type(1) > div:nth-of-type(2) > div:nth-of-type(1) > div:nth-of-type(3) > div:nth-of-type(2) > div:nth-of-type(2) > div:nth-of-type(1) > div:nth-of-type(1) > calcite-flow:nth-of-type(1) > calcite-flow-item:nth-of-type(1),716,620,1920,896,0,left,,,,,,,,,,
P04,134984,2025-11-25T10:22:33.718+01:00,2025-11-25T09:22:33.718Z,2,"Úkol 2: Najděte vizualizaci „Point Cloud“ a zjistěte, jaká je nejvyšší hodnota teploty, kterou tato vizualizace zobrazuje.",click,div,,esri-view-surface.esri-view-surface--touch-none,,html:nth-of-type(1) > body:nth-of-type(1) > div:nth-of-type(2) > div:nth-of-type(1) > div:nth-of-type(1),594,739,1920,896,0,left,,,,,,,,,,
P04,135921,2025-11-25T10:22:34.655+01:00,2025-11-25T09:22:34.655Z,2,"Úkol 2: Najděte vizualizaci „Point Cloud“ a zjistěte, jaká je nejvyšší hodnota teploty, kterou tato vizualizace zobrazuje.",click,div,,esri-view-surface.esri-view-surface--touch-none,,html:nth-of-type(1) > body:nth-of-type(1) > div:nth-of-type(2) > div:nth-of-type(1) > div:nth-of-type(1),591,742,1920,896,0,left,,,,,,,,,,
P04,137128,2025-11-25T10:22:35.862+01:00,2025-11-25T09:22:35.862Z,2,"Úkol 2: Najděte vizualizaci „Point Cloud“ a zjistěte, jaká je nejvyšší hodnota teploty, kterou tato vizualizace zobrazuje.",click,div,,esri-view-surface.esri-view-surface--touch-none,,html:nth-of-type(1) > body:nth-of-type(1) > div:nth-of-type(2) > div:nth-of-type(1) > div:nth-of-type(1),571,749,1920,896,0,left,,,,,,,,,,
P04,138735,2025-11-25T10:22:37.469+01:00,2025-11-25T09:22:37.469Z,2,"Úkol 2: Najděte vizualizaci „Point Cloud“ a zjistěte, jaká je nejvyšší hodnota teploty, kterou tato vizualizace zobrazuje.",click,input,endColorPicker,,,html:nth-of-type(1) > body:nth-of-type(1) > div:nth-of-type(3) > div:nth-of-type(2) > div:nth-of-type(1) > div:nth-of-type(1) > input:nth-of-type(3),1832,220,1920,896,0,left,,,,,,,,,,
P04,138755,2025-11-25T10:22:37.489+01:00,2025-11-25T09:22:37.489Z,2,"Úkol 2: Najděte vizualizaci „Point Cloud“ a zjistěte, jaká je nejvyšší hodnota teploty, kterou tato vizualizace zobrazuje.",blur,,,,,,,,,,,,,,,,,,,,,
P04,144055,2025-11-25T10:22:42.789+01:00,2025-11-25T09:22:42.789Z,2,"Úkol 2: Najděte vizualizaci „Point Cloud“ a zjistěte, jaká je nejvyšší hodnota teploty, kterou tato vizualizace zobrazuje.",focus,,,,,,,,,,,,,,,,,,,,,
P04,146122,2025-11-25T10:22:44.856+01:00,2025-11-25T09:22:44.856Z,2,"Úkol 2: Najděte vizualizaci „Point Cloud“ a zjistěte, jaká je nejvyšší hodnota teploty, kterou tato vizualizace zobrazuje.",click,div,,esri-view-surface.esri-view-surface--touch-none,,html:nth-of-type(1) > body:nth-of-type(1) > div:nth-of-type(2) > div:nth-of-type(1) > div:nth-of-type(1),522,750,1920,896,0,left,,,,,,,,,,
P04,148121,2025-11-25T10:22:46.855+01:00,2025-11-25T09:22:46.855Z,2,"Úkol 2: Najděte vizualizaci „Point Cloud“ a zjistěte, jaká je nejvyšší hodnota teploty, kterou tato vizualizace zobrazuje.",click,div,,esri-view-surface.esri-view-surface--touch-none,,html:nth-of-type(1) > body:nth-of-type(1) > div:nth-of-type(2) > div:nth-of-type(1) > div:nth-of-type(1),588,587,1920,896,0,left,,,,,,,,,,
P04,150287,2025-11-25T10:22:49.021+01:00,2025-11-25T09:22:49.021Z,2,"Úkol 2: Najděte vizualizaci „Point Cloud“ a zjistěte, jaká je nejvyšší hodnota teploty, kterou tato vizualizace zobrazuje.",click,div,,esri-view-surface.esri-view-surface--touch-none,,html:nth-of-type(1) > body:nth-of-type(1) > div:nth-of-type(2) > div:nth-of-type(1) > div:nth-of-type(1),520,696,1920,896,0,left,,,,,,,,,,
P04,151960,2025-11-25T10:22:50.694+01:00,2025-11-25T09:22:50.694Z,2,"Úkol 2: Najděte vizualizaci „Point Cloud“ a zjistěte, jaká je nejvyšší hodnota teploty, kterou tato vizualizace zobrazuje.",click,div,,esri-view-surface.esri-view-surface--touch-none,,html:nth-of-type(1) > body:nth-of-type(1) > div:nth-of-type(2) > div:nth-of-type(1) > div:nth-of-type(1),506,732,1920,896,0,left,,,,,,,,,,
P04,154520,2025-11-25T10:22:53.254+01:00,2025-11-25T09:22:53.254Z,2,"Úkol 2: Najděte vizualizaci „Point Cloud“ a zjistěte, jaká je nejvyšší hodnota teploty, kterou tato vizualizace zobrazuje.",blur,,,,,,,,,,,,,,,,,,,,,
P04,177872,2025-11-25T10:22:55.917+01:00,2025-11-25T09:22:55.917Z,2,"Úkol 2: Najděte vizualizaci „Point Cloud“ a zjistěte, jaká je nejvyšší hodnota teploty, kterou tato vizualizace zobrazuje.",task_end,,,,,,,,,,,,,,,,,,,,,"{""duration_ms"":42377}"
P04,177873,2025-11-25T10:22:55.918+01:00,2025-11-25T09:22:55.918Z,3,Úkol 3: Přejděte na vizualizaci „3D Graduated Symbols“. Změňte tvar symbolů a následně upravte také jejich průměr (velikost).,task_next,,,,,,,,,,,,,,,,,,,,,
P04,193104,2025-11-25T10:23:11.149+01:00,2025-11-25T09:23:11.149Z,3,Úkol 3: Přejděte na vizualizaci „3D Graduated Symbols“. Změňte tvar symbolů a následně upravte také jejich průměr (velikost).,task_start,,,,,,,,,,,,,,,,,,,,,
P04,173367,2025-11-25T10:23:12.101+01:00,2025-11-25T09:23:12.101Z,3,Úkol 3: Přejděte na vizualizaci „3D Graduated Symbols“. Změňte tvar symbolů a následně upravte také jejich průměr (velikost).,focus,,,,,,,,,,,,,,,,,,,,,
P04,173476,2025-11-25T10:23:12.210+01:00,2025-11-25T09:23:12.210Z,3,Úkol 3: Přejděte na vizualizaci „3D Graduated Symbols“. Změňte tvar symbolů a následně upravte také jejich průměr (velikost).,click,a,,nav-link,3D Graduated Symbols,html:nth-of-type(1) > body:nth-of-type(1) > div:nth-of-type(1) > div:nth-of-type(1) > div:nth-of-type(1) > a:nth-of-type(5),1545,32,1920,896,0,left,,,,,,,,,,
P04,173633,2025-11-25T10:23:12.367+01:00,2025-11-25T09:23:12.367Z,3,Úkol 3: Přejděte na vizualizaci „3D Graduated Symbols“. Změňte tvar symbolů a následně upravte také jejich průměr (velikost).,visibility,,,,,,,,,,,,,,,,,,,,,"{""hidden"":true}"
P04,0,2025-11-25T10:23:12.620+01:00,2025-11-25T09:23:12.620Z,3,Úkol 3: Přejděte na vizualizaci „3D Graduated Symbols“. Změňte tvar symbolů a následně upravte také jejich průměr (velikost).,session_start,,,,,,,,,,,,,,,,,,,,,"{""ua"":""Mozilla/5.0 (Windows NT 10.0; Win64; x64; rv:145.0) Gecko/20100101 Firefox/145.0"",""viewport_w"":1920,""viewport_h"":896,""url"":""https://vanicektomas.github.io/3D-Geo-Vis_experiment/3d_geo_vis-main/3d_geo_vis-main/3D_graduated.html"",""session_id"":""aetcwgxpdvtmiedbjvw""}"
P04,8171,2025-11-25T10:23:20.791+01:00,2025-11-25T09:23:20.791Z,3,Úkol 3: Přejděte na vizualizaci „3D Graduated Symbols“. Změňte tvar symbolů a následně upravte také jejich průměr (velikost).,wheel,canvas,,,,html:nth-of-type(1) > body:nth-of-type(1) > div:nth-of-type(2) > div:nth-of-type(1) > div:nth-of-type(1) > canvas:nth-of-type(1),894,426,1920,896,,,-102,0,up,zoom_in,,,,,,
P04,8317,2025-11-25T10:23:20.937+01:00,2025-11-25T09:23:20.937Z,3,Úkol 3: Přejděte na vizualizaci „3D Graduated Symbols“. Změňte tvar symbolů a následně upravte také jejich průměr (velikost).,wheel,canvas,,,,html:nth-of-type(1) > body:nth-of-type(1) > div:nth-of-type(2) > div:nth-of-type(1) > div:nth-of-type(1) > canvas:nth-of-type(1),894,426,1920,896,,,-102,0,up,zoom_in,,,,,,
P04,9612,2025-11-25T10:23:22.232+01:00,2025-11-25T09:23:22.232Z,3,Úkol 3: Přejděte na vizualizaci „3D Graduated Symbols“. Změňte tvar symbolů a následně upravte také jejich průměr (velikost).,wheel,canvas,,,,html:nth-of-type(1) > body:nth-of-type(1) > div:nth-of-type(2) > div:nth-of-type(1) > div:nth-of-type(1) > canvas:nth-of-type(1),894,426,1920,896,,,102,0,down,zoom_out,,,,,,
P04,13216,2025-11-25T10:23:25.836+01:00,2025-11-25T09:23:25.836Z,3,Úkol 3: Přejděte na vizualizaci „3D Graduated Symbols“. Změňte tvar symbolů a následně upravte také jejich průměr (velikost).,click,div,,esri-view-surface.esri-view-surface--touch-none,,html:nth-of-type(1) > body:nth-of-type(1) > div:nth-of-type(2) > div:nth-of-type(1) > div:nth-of-type(1),1141,279,1920,896,0,left,,,,,,,,,,
P04,13836,2025-11-25T10:23:26.456+01:00,2025-11-25T09:23:26.456Z,3,Úkol 3: Přejděte na vizualizaci „3D Graduated Symbols“. Změňte tvar symbolů a následně upravte také jejich průměr (velikost).,wheel,div,symbologyEditorPanel,panel,Edit Symbology: 3D Graduated Symbols Color Ramp Transparency Diameter Diamete…,html:nth-of-type(1) > body:nth-of-type(1) > div:nth-of-type(3),1648,709,1920,896,,,132,0,down,zoom_out,,,,,,
P04,13838,2025-11-25T10:23:26.458+01:00,2025-11-25T09:23:26.458Z,3,Úkol 3: Přejděte na vizualizaci „3D Graduated Symbols“. Změňte tvar symbolů a následně upravte také jejich průměr (velikost).,wheel,div,symbologyEditorPanel,panel,Edit Symbology: 3D Graduated Symbols Color Ramp Transparency Diameter Diamete…,html:nth-of-type(1) > body:nth-of-type(1) > div:nth-of-type(3),1655,718,1920,896,,,132,0,down,zoom_out,,,,,,
P04,13938,2025-11-25T10:23:26.558+01:00,2025-11-25T09:23:26.558Z,3,Úkol 3: Přejděte na vizualizaci „3D Graduated Symbols“. Změňte tvar symbolů a následně upravte také jejich průměr (velikost).,wheel,div,symbologyEditorPanel,panel,Edit Symbology: 3D Graduated Symbols Color Ramp Transparency Diameter Diamete…,html:nth-of-type(1) > body:nth-of-type(1) > div:nth-of-type(3),1658,722,1920,896,,,132,0,down,zoom_out,,,,,,
P04,14072,2025-11-25T10:23:26.692+01:00,2025-11-25T09:23:26.692Z,3,Úkol 3: Přejděte na vizualizaci „3D Graduated Symbols“. Změňte tvar symbolů a následně upravte také jejich průměr (velikost).,wheel,div,symbologyEditorPanel,panel,Edit Symbology: 3D Graduated Symbols Color Ramp Transparency Diameter Diamete…,html:nth-of-type(1) > body:nth-of-type(1) > div:nth-of-type(3),1658,723,1920,896,,,132,0,down,zoom_out,,,,,,
P04,14124,2025-11-25T10:23:26.744+01:00,2025-11-25T09:23:26.744Z,3,Úkol 3: Přejděte na vizualizaci „3D Graduated Symbols“. Změňte tvar symbolů a následně upravte také jejich průměr (velikost).,wheel,div,symbologyEditorPanel,panel,Edit Symbology: 3D Graduated Symbols Color Ramp Transparency Diameter Diamete…,html:nth-of-type(1) > body:nth-of-type(1) > div:nth-of-type(3),1658,723,1920,896,,,132,0,down,zoom_out,,,,,,
P04,14880,2025-11-25T10:23:27.500+01:00,2025-11-25T09:23:27.500Z,3,Úkol 3: Přejděte na vizualizaci „3D Graduated Symbols“. Změňte tvar symbolů a následně upravte také jejich průměr (velikost).,click,select,shapeSelect,,Cylinder Cone Inverted Cone Tetrahedron,html:nth-of-type(1) > body:nth-of-type(1) > div:nth-of-type(3) > div:nth-of-type(2) > div:nth-of-type(1) > select:nth-of-type(1),0,0,1920,896,0,left,,,,,,,,,,
P04,15931,2025-11-25T10:23:28.551+01:00,2025-11-25T09:23:28.551Z,3,Úkol 3: Přejděte na vizualizaci „3D Graduated Symbols“. Změňte tvar symbolů a následně upravte také jejich průměr (velikost).,click,option,,,Cone,html:nth-of-type(1) > body:nth-of-type(1) > div:nth-of-type(3) > div:nth-of-type(2) > div:nth-of-type(1) > select:nth-of-type(1) > option:nth-of-type(2),0,0,1920,896,0,left,,,,,,,,,,
P04,17457,2025-11-25T10:23:30.077+01:00,2025-11-25T09:23:30.077Z,3,Úkol 3: Přejděte na vizualizaci „3D Graduated Symbols“. Změňte tvar symbolů a následně upravte také jejich průměr (velikost).,click,input,diameterInput,,,html:nth-of-type(1) > body:nth-of-type(1) > div:nth-of-type(3) > div:nth-of-type(2) > div:nth-of-type(1) > input:nth-of-type(2),1715,360,1920,896,0,left,,,,,,,,,,
P04,17632,2025-11-25T10:23:30.252+01:00,2025-11-25T09:23:30.252Z,3,Úkol 3: Přejděte na vizualizaci „3D Graduated Symbols“. Změňte tvar symbolů a následně upravte také jejich průměr (velikost).,click,input,diameterInput,,,html:nth-of-type(1) > body:nth-of-type(1) > div:nth-of-type(3) > div:nth-of-type(2) > div:nth-of-type(1) > input:nth-of-type(2),1715,360,1920,896,0,left,,,,,,,,,,
P04,17632,2025-11-25T10:23:30.252+01:00,2025-11-25T09:23:30.252Z,3,Úkol 3: Přejděte na vizualizaci „3D Graduated Symbols“. Změňte tvar symbolů a následně upravte také jejich průměr (velikost).,dblclick,input,diameterInput,,,html:nth-of-type(1) > body:nth-of-type(1) > div:nth-of-type(3) > div:nth-of-type(2) > div:nth-of-type(1) > input:nth-of-type(2),1715,360,1920,896,0,left,,,,,,,,,,
P04,18656,2025-11-25T10:23:31.276+01:00,2025-11-25T09:23:31.276Z,3,Úkol 3: Přejděte na vizualizaci „3D Graduated Symbols“. Změňte tvar symbolů a následně upravte také jejich průměr (velikost).,keydown,input,diameterInput,,,html:nth-of-type(1) > body:nth-of-type(1) > div:nth-of-type(3) > div:nth-of-type(2) > div:nth-of-type(1) > input:nth-of-type(2),,,,,,,,,,,5,Numpad5,false,false,false,
P04,18881,2025-11-25T10:23:31.501+01:00,2025-11-25T09:23:31.501Z,3,Úkol 3: Přejděte na vizualizaci „3D Graduated Symbols“. Změňte tvar symbolů a následně upravte také jejich průměr (velikost).,keydown,input,diameterInput,,,html:nth-of-type(1) > body:nth-of-type(1) > div:nth-of-type(3) > div:nth-of-type(2) > div:nth-of-type(1) > input:nth-of-type(2),,,,,,,,,,,0,Numpad0,false,false,false,
P04,19042,2025-11-25T10:23:31.662+01:00,2025-11-25T09:23:31.662Z,3,Úkol 3: Přejděte na vizualizaci „3D Graduated Symbols“. Změňte tvar symbolů a následně upravte také jejich průměr (velikost).,keydown,input,diameterInput,,,html:nth-of-type(1) > body:nth-of-type(1) > div:nth-of-type(3) > div:nth-of-type(2) > div:nth-of-type(1) > input:nth-of-type(2),,,,,,,,,,,0,Numpad0,false,false,false,
P04,19204,2025-11-25T10:23:31.824+01:00,2025-11-25T09:23:31.824Z,3,Úkol 3: Přejděte na vizualizaci „3D Graduated Symbols“. Změňte tvar symbolů a následně upravte také jejich průměr (velikost).,keydown,input,diameterInput,,,html:nth-of-type(1) > body:nth-of-type(1) > div:nth-of-type(3) > div:nth-of-type(2) > div:nth-of-type(1) > input:nth-of-type(2),,,,,,,,,,,0,Numpad0,false,false,false,
P04,19356,2025-11-25T10:23:31.976+01:00,2025-11-25T09:23:31.976Z,3,Úkol 3: Přejděte na vizualizaci „3D Graduated Symbols“. Změňte tvar symbolů a následně upravte také jejich průměr (velikost).,keydown,input,diameterInput,,,html:nth-of-type(1) > body:nth-of-type(1) > div:nth-of-type(3) > div:nth-of-type(2) > div:nth-of-type(1) > input:nth-of-type(2),,,,,,,,,,,0,Numpad0,false,false,false,
P04,24312,2025-11-25T10:23:36.932+01:00,2025-11-25T09:23:36.932Z,3,Úkol 3: Přejděte na vizualizaci „3D Graduated Symbols“. Změňte tvar symbolů a následně upravte také jejich průměr (velikost).,click,div,,esri-view-surface.esri-view-surface--touch-none,,html:nth-of-type(1) > body:nth-of-type(1) > div:nth-of-type(2) > div:nth-of-type(1) > div:nth-of-type(1),1019,240,1920,896,0,left,,,,,,,,,,
P04,25457,2025-11-25T10:23:38.077+01:00,2025-11-25T09:23:38.077Z,3,Úkol 3: Přejděte na vizualizaci „3D Graduated Symbols“. Změňte tvar symbolů a následně upravte také jejich průměr (velikost).,click,input,maxZOffsetInput,,,html:nth-of-type(1) > body:nth-of-type(1) > div:nth-of-type(3) > div:nth-of-type(2) > div:nth-of-type(1) > input:nth-of-type(4),1510,587,1920,896,0,left,,,,,,,,,,
P04,26409,2025-11-25T10:23:39.029+01:00,2025-11-25T09:23:39.029Z,3,Úkol 3: Přejděte na vizualizaci „3D Graduated Symbols“. Změňte tvar symbolů a následně upravte také jejich průměr (velikost).,keydown,input,maxZOffsetInput,,,html:nth-of-type(1) > body:nth-of-type(1) > div:nth-of-type(3) > div:nth-of-type(2) > div:nth-of-type(1) > input:nth-of-type(4),,,,,,,,,,,4,Numpad4,false,false,false,
P04,26669,2025-11-25T10:23:39.289+01:00,2025-11-25T09:23:39.289Z,3,Úkol 3: Přejděte na vizualizaci „3D Graduated Symbols“. Změňte tvar symbolů a následně upravte také jejich průměr (velikost).,keydown,input,maxZOffsetInput,,,html:nth-of-type(1) > body:nth-of-type(1) > div:nth-of-type(3) > div:nth-of-type(2) > div:nth-of-type(1) > input:nth-of-type(4),,,,,,,,,,,0,Numpad0,false,false,false,
P04,26814,2025-11-25T10:23:39.434+01:00,2025-11-25T09:23:39.434Z,3,Úkol 3: Přejděte na vizualizaci „3D Graduated Symbols“. Změňte tvar symbolů a následně upravte také jejich průměr (velikost).,keydown,input,maxZOffsetInput,,,html:nth-of-type(1) > body:nth-of-type(1) > div:nth-of-type(3) > div:nth-of-type(2) > div:nth-of-type(1) > input:nth-of-type(4),,,,,,,,,,,0,Numpad0,false,false,false,
P04,27211,2025-11-25T10:23:39.831+01:00,2025-11-25T09:23:39.831Z,3,Úkol 3: Přejděte na vizualizaci „3D Graduated Symbols“. Změňte tvar symbolů a následně upravte také jejich průměr (velikost).,keydown,input,maxZOffsetInput,,,html:nth-of-type(1) > body:nth-of-type(1) > div:nth-of-type(3) > div:nth-of-type(2) > div:nth-of-type(1) > input:nth-of-type(4),,,,,,,,,,,0,Numpad0,false,false,false,
P04,28120,2025-11-25T10:23:40.740+01:00,2025-11-25T09:23:40.740Z,3,Úkol 3: Přejděte na vizualizaci „3D Graduated Symbols“. Změňte tvar symbolů a následně upravte také jejich průměr (velikost).,keydown,input,maxZOffsetInput,,,html:nth-of-type(1) > body:nth-of-type(1) > div:nth-of-type(3) > div:nth-of-type(2) > div:nth-of-type(1) > input:nth-of-type(4),,,,,,,,,,,0,Numpad0,false,false,false,
P04,28271,2025-11-25T10:23:40.891+01:00,2025-11-25T09:23:40.891Z,3,Úkol 3: Přejděte na vizualizaci „3D Graduated Symbols“. Změňte tvar symbolů a následně upravte také jejich průměr (velikost).,keydown,input,maxZOffsetInput,,,html:nth-of-type(1) > body:nth-of-type(1) > div:nth-of-type(3) > div:nth-of-type(2) > div:nth-of-type(1) > input:nth-of-type(4),,,,,,,,,,,0,Numpad0,false,false,false,
P04,31048,2025-11-25T10:23:43.668+01:00,2025-11-25T09:23:43.668Z,3,Úkol 3: Přejděte na vizualizaci „3D Graduated Symbols“. Změňte tvar symbolů a následně upravte také jejich průměr (velikost).,click,div,,esri-view-surface.esri-view-surface--touch-none,,html:nth-of-type(1) > body:nth-of-type(1) > div:nth-of-type(2) > div:nth-of-type(1) > div:nth-of-type(1),1031,555,1920,896,0,left,,,,,,,,,,
P04,32409,2025-11-25T10:23:45.029+01:00,2025-11-25T09:23:45.029Z,3,Úkol 3: Přejděte na vizualizaci „3D Graduated Symbols“. Změňte tvar symbolů a následně upravte také jejich průměr (velikost).,wheel,input,diameterInput,,,html:nth-of-type(1) > body:nth-of-type(1) > div:nth-of-type(3) > div:nth-of-type(2) > div:nth-of-type(1) > input:nth-of-type(2),1791,358,1920,896,,,-132,0,up,zoom_in,,,,,,
P04,32432,2025-11-25T10:23:45.052+01:00,2025-11-25T09:23:45.052Z,3,Úkol 3: Přejděte na vizualizaci „3D Graduated Symbols“. Změňte tvar symbolů a následně upravte také jejich průměr (velikost).,wheel,input,diameterInput,,,html:nth-of-type(1) > body:nth-of-type(1) > div:nth-of-type(3) > div:nth-of-type(2) > div:nth-of-type(1) > input:nth-of-type(2),1791,358,1920,896,,,-132,0,up,zoom_in,,,,,,
P04,32482,2025-11-25T10:23:45.102+01:00,2025-11-25T09:23:45.102Z,3,Úkol 3: Přejděte na vizualizaci „3D Graduated Symbols“. Změňte tvar symbolů a následně upravte také jejich průměr (velikost).,wheel,input,diameterInput,,,html:nth-of-type(1) > body:nth-of-type(1) > div:nth-of-type(3) > div:nth-of-type(2) > div:nth-of-type(1) > input:nth-of-type(2),1791,358,1920,896,,,-132,0,up,zoom_in,,,,,,
P04,37602,2025-11-25T10:23:50.222+01:00,2025-11-25T09:23:50.222Z,3,Úkol 3: Přejděte na vizualizaci „3D Graduated Symbols“. Změňte tvar symbolů a následně upravte také jejich průměr (velikost).,blur,,,,,,,,,,,,,,,,,,,,,
P04,232272,2025-11-25T10:23:50.317+01:00,2025-11-25T09:23:50.317Z,3,Úkol 3: Přejděte na vizualizaci „3D Graduated Symbols“. Změňte tvar symbolů a následně upravte také jejich průměr (velikost).,task_end,,,,,,,,,,,,,,,,,,,,,"{""duration_ms"":39168}"
P04,232274,2025-11-25T10:23:50.319+01:00,2025-11-25T09:23:50.319Z,4,Úkol 4: Zvolte vizualizaci „Voxels“ a zjistěte rozdíl mezi minimální a maximální hodnotou teploty.,task_next,,,,,,,,,,,,,,,,,,,,,
P04,239984,2025-11-25T10:23:58.029+01:00,2025-11-25T09:23:58.029Z,4,Úkol 4: Zvolte vizualizaci „Voxels“ a zjistěte rozdíl mezi minimální a maximální hodnotou teploty.,task_start,,,,,,,,,,,,,,,,,,,,,
P04,46691,2025-11-25T10:23:59.311+01:00,2025-11-25T09:23:59.311Z,4,Úkol 4: Zvolte vizualizaci „Voxels“ a zjistěte rozdíl mezi minimální a maximální hodnotou teploty.,focus,,,,,,,,,,,,,,,,,,,,,
P04,46827,2025-11-25T10:23:59.447+01:00,2025-11-25T09:23:59.448Z,4,Úkol 4: Zvolte vizualizaci „Voxels“ a zjistěte rozdíl mezi minimální a maximální hodnotou teploty.,click,a,,nav-link,Voxels,html:nth-of-type(1) > body:nth-of-type(1) > div:nth-of-type(1) > div:nth-of-type(1) > div:nth-of-type(1) > a:nth-of-type(7),1795,25,1920,896,0,left,,,,,,,,,,
P04,46978,2025-11-25T10:23:59.598+01:00,2025-11-25T09:23:59.598Z,4,Úkol 4: Zvolte vizualizaci „Voxels“ a zjistěte rozdíl mezi minimální a maximální hodnotou teploty.,visibility,,,,,,,,,,,,,,,,,,,,,"{""hidden"":true}"
P04,0,2025-11-25T10:23:59.894+01:00,2025-11-25T09:23:59.895Z,4,Úkol 4: Zvolte vizualizaci „Voxels“ a zjistěte rozdíl mezi minimální a maximální hodnotou teploty.,session_start,,,,,,,,,,,,,,,,,,,,,"{""ua"":""Mozilla/5.0 (Windows NT 10.0; Win64; x64; rv:145.0) Gecko/20100101 Firefox/145.0"",""viewport_w"":1920,""viewport_h"":896,""url"":""https://vanicektomas.github.io/3D-Geo-Vis_experiment/3d_geo_vis-main/3d_geo_vis-main/voxels.html"",""session_id"":""kawo5q269dfmiedckd2""}"
P04,24033,2025-11-25T10:24:23.927+01:00,2025-11-25T09:24:23.927Z,4,Úkol 4: Zvolte vizualizaci „Voxels“ a zjistěte rozdíl mezi minimální a maximální hodnotou teploty.,click,div,,esri-view-surface.esri-view-surface--touch-none,,html:nth-of-type(1) > body:nth-of-type(1) > div:nth-of-type(2) > div:nth-of-type(1) > div:nth-of-type(1),557,735,1920,896,0,left,,,,,,,,,,
P04,26500,2025-11-25T10:24:26.394+01:00,2025-11-25T09:24:26.394Z,4,Úkol 4: Zvolte vizualizaci „Voxels“ a zjistěte rozdíl mezi minimální a maximální hodnotou teploty.,click,div,,esri-view-surface.esri-view-surface--touch-none,,html:nth-of-type(1) > body:nth-of-type(1) > div:nth-of-type(2) > div:nth-of-type(1) > div:nth-of-type(1),1145,215,1920,896,0,left,,,,,,,,,,
P04,28151,2025-11-25T10:24:28.045+01:00,2025-11-25T09:24:28.045Z,4,Úkol 4: Zvolte vizualizaci „Voxels“ a zjistěte rozdíl mezi minimální a maximální hodnotou teploty.,click,div,,esri-features__container.esri-features__content-container,Value: 268.936279296875,div:nth-of-type(2) > div:nth-of-type(1) > div:nth-of-type(3) > div:nth-of-type(2) > div:nth-of-type(2) > div:nth-of-type(1) > div:nth-of-type(1) > calcite-flow:nth-of-type(1) > calcite-flow-item:nth-of-type(1) > div:nth-of-type(1),1153,386,1920,896,0,left,,,,,,,,,,
P04,29154,2025-11-25T10:24:29.048+01:00,2025-11-25T09:24:29.048Z,4,Úkol 4: Zvolte vizualizaci „Voxels“ a zjistěte rozdíl mezi minimální a maximální hodnotou teploty.,click,div,,esri-view-surface.esri-view-surface--touch-none,,html:nth-of-type(1) > body:nth-of-type(1) > div:nth-of-type(2) > div:nth-of-type(1) > div:nth-of-type(1),1152,410,1920,896,0,left,,,,,,,,,,
P04,30939,2025-11-25T10:24:30.833+01:00,2025-11-25T09:24:30.833Z,4,Úkol 4: Zvolte vizualizaci „Voxels“ a zjistěte rozdíl mezi minimální a maximální hodnotou teploty.,click,div,,esri-view-surface.esri-view-surface--touch-none,,html:nth-of-type(1) > body:nth-of-type(1) > div:nth-of-type(2) > div:nth-of-type(1) > div:nth-of-type(1),505,735,1920,896,0,left,,,,,,,,,,
P04,33256,2025-11-25T10:24:33.150+01:00,2025-11-25T09:24:33.150Z,4,Úkol 4: Zvolte vizualizaci „Voxels“ a zjistěte rozdíl mezi minimální a maximální hodnotou teploty.,click,div,,esri-view-surface.esri-view-surface--touch-none,,html:nth-of-type(1) > body:nth-of-type(1) > div:nth-of-type(2) > div:nth-of-type(1) > div:nth-of-type(1),1152,344,1920,896,0,left,,,,,,,,,,
P04,35122,2025-11-25T10:24:35.016+01:00,2025-11-25T09:24:35.016Z,4,Úkol 4: Zvolte vizualizaci „Voxels“ a zjistěte rozdíl mezi minimální a maximální hodnotou teploty.,click,div,,esri-view-surface.esri-view-surface--touch-none,,html:nth-of-type(1) > body:nth-of-type(1) > div:nth-of-type(2) > div:nth-of-type(1) > div:nth-of-type(1),936,556,1920,896,0,left,,,,,,,,,,
P04,37297,2025-11-25T10:24:37.191+01:00,2025-11-25T09:24:37.191Z,4,Úkol 4: Zvolte vizualizaci „Voxels“ a zjistěte rozdíl mezi minimální a maximální hodnotou teploty.,click,div,,esri-view-surface.esri-view-surface--touch-none,,html:nth-of-type(1) > body:nth-of-type(1) > div:nth-of-type(2) > div:nth-of-type(1) > div:nth-of-type(1),492,745,1920,896,0,left,,,,,,,,,,
P04,38562,2025-11-25T10:24:38.456+01:00,2025-11-25T09:24:38.456Z,4,Úkol 4: Zvolte vizualizaci „Voxels“ a zjistěte rozdíl mezi minimální a maximální hodnotou teploty.,click,div,,esri-view-surface.esri-view-surface--touch-none,,html:nth-of-type(1) > body:nth-of-type(1) > div:nth-of-type(2) > div:nth-of-type(1) > div:nth-of-type(1),644,518,1920,896,0,left,,,,,,,,,,
P04,40696,2025-11-25T10:24:40.590+01:00,2025-11-25T09:24:40.590Z,4,Úkol 4: Zvolte vizualizaci „Voxels“ a zjistěte rozdíl mezi minimální a maximální hodnotou teploty.,click,div,,esri-view-surface.esri-view-surface--touch-none,,html:nth-of-type(1) > body:nth-of-type(1) > div:nth-of-type(2) > div:nth-of-type(1) > div:nth-of-type(1),1137,234,1920,896,0,left,,,,,,,,,,
P04,41497,2025-11-25T10:24:41.391+01:00,2025-11-25T09:24:41.391Z,4,Úkol 4: Zvolte vizualizaci „Voxels“ a zjistěte rozdíl mezi minimální a maximální hodnotou teploty.,click,div,,esri-view-surface.esri-view-surface--touch-none,,html:nth-of-type(1) > body:nth-of-type(1) > div:nth-of-type(2) > div:nth-of-type(1) > div:nth-of-type(1),1138,191,1920,896,0,left,,,,,,,,,,
P04,44300,2025-11-25T10:24:44.194+01:00,2025-11-25T09:24:44.194Z,4,Úkol 4: Zvolte vizualizaci „Voxels“ a zjistěte rozdíl mezi minimální a maximální hodnotou teploty.,click,input,transparencyInput,,,html:nth-of-type(1) > body:nth-of-type(1) > div:nth-of-type(3) > div:nth-of-type(2) > div:nth-of-type(1) > input:nth-of-type(1),1833,361,1920,896,0,left,,,,,,,,,,
P04,45256,2025-11-25T10:24:45.150+01:00,2025-11-25T09:24:45.150Z,4,Úkol 4: Zvolte vizualizaci „Voxels“ a zjistěte rozdíl mezi minimální a maximální hodnotou teploty.,click,div,,esri-view-surface.esri-view-surface--touch-none,,html:nth-of-type(1) > body:nth-of-type(1) > div:nth-of-type(2) > div:nth-of-type(1) > div:nth-of-type(1),1293,456,1920,896,0,left,,,,,,,,,,
P04,52703,2025-11-25T10:24:52.597+01:00,2025-11-25T09:24:52.597Z,4,Úkol 4: Zvolte vizualizaci „Voxels“ a zjistěte rozdíl mezi minimální a maximální hodnotou teploty.,blur,,,,,,,,,,,,,,,,,,,,,
P04,294679,2025-11-25T10:24:52.724+01:00,2025-11-25T09:24:52.724Z,4,Úkol 4: Zvolte vizualizaci „Voxels“ a zjistěte rozdíl mezi minimální a maximální hodnotou teploty.,task_end,,,,,,,,,,,,,,,,,,,,,"{""duration_ms"":54696}"
P04,294682,2025-11-25T10:24:52.727+01:00,2025-11-25T09:24:52.727Z,5,"Úkol 5: Vyberte vizualizaci, která se Vám líbí nejvíce. Upravte barevné schéma tak, aby se Vám výsledek vizuálně líbil ještě více.",task_next,,,,,,,,,,,,,,,,,,,,,
P04,300785,2025-11-25T10:24:58.830+01:00,2025-11-25T09:24:58.830Z,5,"Úkol 5: Vyberte vizualizaci, která se Vám líbí nejvíce. Upravte barevné schéma tak, aby se Vám výsledek vizuálně líbil ještě více.",task_start,,,,,,,,,,,,,,,,,,,,,
P04,61001,2025-11-25T10:25:00.895+01:00,2025-11-25T09:25:00.895Z,5,"Úkol 5: Vyberte vizualizaci, která se Vám líbí nejvíce. Upravte barevné schéma tak, aby se Vám výsledek vizuálně líbil ještě více.",focus,,,,,,,,,,,,,,,,,,,,,
P04,61111,2025-11-25T10:25:01.005+01:00,2025-11-25T09:25:01.005Z,5,"Úkol 5: Vyberte vizualizaci, která se Vám líbí nejvíce. Upravte barevné schéma tak, aby se Vám výsledek vizuálně líbil ještě více.",click,a,,nav-link,Prism Map,html:nth-of-type(1) > body:nth-of-type(1) > div:nth-of-type(1) > div:nth-of-type(1) > div:nth-of-type(1) > a:nth-of-type(6),1712,23,1920,896,0,left,,,,,,,,,,
P04,61266,2025-11-25T10:25:01.160+01:00,2025-11-25T09:25:01.160Z,5,"Úkol 5: Vyberte vizualizaci, která se Vám líbí nejvíce. Upravte barevné schéma tak, aby se Vám výsledek vizuálně líbil ještě více.",visibility,,,,,,,,,,,,,,,,,,,,,"{""hidden"":true}"
P04,0,2025-11-25T10:25:01.438+01:00,2025-11-25T09:25:01.438Z,5,"Úkol 5: Vyberte vizualizaci, která se Vám líbí nejvíce. Upravte barevné schéma tak, aby se Vám výsledek vizuálně líbil ještě více.",session_start,,,,,,,,,,,,,,,,,,,,,"{""ua"":""Mozilla/5.0 (Windows NT 10.0; Win64; x64; rv:145.0) Gecko/20100101 Firefox/145.0"",""viewport_w"":1920,""viewport_h"":896,""url"":""https://vanicektomas.github.io/3D-Geo-Vis_experiment/3d_geo_vis-main/3d_geo_vis-main/prism.html"",""session_id"":""djitx4ykrmieddvum""}"
P04,11560,2025-11-25T10:25:12.998+01:00,2025-11-25T09:25:12.999Z,5,"Úkol 5: Vyberte vizualizaci, která se Vám líbí nejvíce. Upravte barevné schéma tak, aby se Vám výsledek vizuálně líbil ještě více.",click,div,,esri-view-surface.esri-view-surface--touch-none,,html:nth-of-type(1) > body:nth-of-type(1) > div:nth-of-type(2) > div:nth-of-type(1) > div:nth-of-type(1),971,278,1920,896,0,left,,,,,,,,,,
P04,12896,2025-11-25T10:25:14.334+01:00,2025-11-25T09:25:14.334Z,5,"Úkol 5: Vyberte vizualizaci, která se Vám líbí nejvíce. Upravte barevné schéma tak, aby se Vám výsledek vizuálně líbil ještě více.",click,a,,nav-link,3D Surface,html:nth-of-type(1) > body:nth-of-type(1) > div:nth-of-type(1) > div:nth-of-type(1) > div:nth-of-type(1) > a:nth-of-type(3),1287,35,1920,896,0,left,,,,,,,,,,
P04,13466,2025-11-25T10:25:14.904+01:00,2025-11-25T09:25:14.904Z,5,"Úkol 5: Vyberte vizualizaci, která se Vám líbí nejvíce. Upravte barevné schéma tak, aby se Vám výsledek vizuálně líbil ještě více.",visibility,,,,,,,,,,,,,,,,,,,,,"{""hidden"":true}"
P04,0,2025-11-25T10:25:15.173+01:00,2025-11-25T09:25:15.173Z,5,"Úkol 5: Vyberte vizualizaci, která se Vám líbí nejvíce. Upravte barevné schéma tak, aby se Vám výsledek vizuálně líbil ještě více.",session_start,,,,,,,,,,,,,,,,,,,,,"{""ua"":""Mozilla/5.0 (Windows NT 10.0; Win64; x64; rv:145.0) Gecko/20100101 Firefox/145.0"",""viewport_w"":1920,""viewport_h"":896,""url"":""https://vanicektomas.github.io/3D-Geo-Vis_experiment/3d_geo_vis-main/3d_geo_vis-main/3D_surface.html"",""session_id"":""sdr831ic5wcmiede6g5""}"
P04,5578,2025-11-25T10:25:20.751+01:00,2025-11-25T09:25:20.751Z,5,"Úkol 5: Vyberte vizualizaci, která se Vám líbí nejvíce. Upravte barevné schéma tak, aby se Vám výsledek vizuálně líbil ještě více.",click,div,,esri-view-surface.esri-view-surface--touch-none,,html:nth-of-type(1) > body:nth-of-type(1) > div:nth-of-type(2) > div:nth-of-type(1) > div:nth-of-type(1),1107,274,1920,896,0,left,,,,,,,,,,
P04,6024,2025-11-25T10:25:21.197+01:00,2025-11-25T09:25:21.197Z,5,"Úkol 5: Vyberte vizualizaci, která se Vám líbí nejvíce. Upravte barevné schéma tak, aby se Vám výsledek vizuálně líbil ještě více.",wheel,canvas,,,,html:nth-of-type(1) > body:nth-of-type(1) > div:nth-of-type(2) > div:nth-of-type(1) > div:nth-of-type(1) > canvas:nth-of-type(1),598,451,1920,896,,,-102,0,up,zoom_in,,,,,,
P04,6428,2025-11-25T10:25:21.601+01:00,2025-11-25T09:25:21.601Z,5,"Úkol 5: Vyberte vizualizaci, která se Vám líbí nejvíce. Upravte barevné schéma tak, aby se Vám výsledek vizuálně líbil ještě více.",wheel,canvas,,,,html:nth-of-type(1) > body:nth-of-type(1) > div:nth-of-type(2) > div:nth-of-type(1) > div:nth-of-type(1) > canvas:nth-of-type(1),775,344,1920,896,,,-102,0,up,zoom_in,,,,,,
P04,6770,2025-11-25T10:25:21.943+01:00,2025-11-25T09:25:21.943Z,5,"Úkol 5: Vyberte vizualizaci, která se Vám líbí nejvíce. Upravte barevné schéma tak, aby se Vám výsledek vizuálně líbil ještě více.",wheel,canvas,,,,html:nth-of-type(1) > body:nth-of-type(1) > div:nth-of-type(2) > div:nth-of-type(1) > div:nth-of-type(1) > canvas:nth-of-type(1),775,344,1920,896,,,-102,0,up,zoom_in,,,,,,
P04,7472,2025-11-25T10:25:22.645+01:00,2025-11-25T09:25:22.645Z,5,"Úkol 5: Vyberte vizualizaci, která se Vám líbí nejvíce. Upravte barevné schéma tak, aby se Vám výsledek vizuálně líbil ještě více.",wheel,canvas,,,,html:nth-of-type(1) > body:nth-of-type(1) > div:nth-of-type(2) > div:nth-of-type(1) > div:nth-of-type(1) > canvas:nth-of-type(1),860,323,1920,896,,,102,0,down,zoom_out,,,,,,
P04,8432,2025-11-25T10:25:23.605+01:00,2025-11-25T09:25:23.605Z,5,"Úkol 5: Vyberte vizualizaci, která se Vám líbí nejvíce. Upravte barevné schéma tak, aby se Vám výsledek vizuálně líbil ještě více.",wheel,canvas,,,,html:nth-of-type(1) > body:nth-of-type(1) > div:nth-of-type(2) > div:nth-of-type(1) > div:nth-of-type(1) > canvas:nth-of-type(1),860,323,1920,896,,,204,0,down,zoom_out,,,,,,
P04,8737,2025-11-25T10:25:23.910+01:00,2025-11-25T09:25:23.910Z,5,"Úkol 5: Vyberte vizualizaci, která se Vám líbí nejvíce. Upravte barevné schéma tak, aby se Vám výsledek vizuálně líbil ještě více.",wheel,canvas,,,,html:nth-of-type(1) > body:nth-of-type(1) > div:nth-of-type(2) > div:nth-of-type(1) > div:nth-of-type(1) > canvas:nth-of-type(1),860,323,1920,896,,,102,0,down,zoom_out,,,,,,
P04,9635,2025-11-25T10:25:24.808+01:00,2025-11-25T09:25:24.808Z,5,"Úkol 5: Vyberte vizualizaci, která se Vám líbí nejvíce. Upravte barevné schéma tak, aby se Vám výsledek vizuálně líbil ještě více.",wheel,canvas,,,,html:nth-of-type(1) > body:nth-of-type(1) > div:nth-of-type(2) > div:nth-of-type(1) > div:nth-of-type(1) > canvas:nth-of-type(1),954,304,1920,896,,,-204,0,up,zoom_in,,,,,,
P04,12667,2025-11-25T10:25:27.840+01:00,2025-11-25T09:25:27.841Z,5,"Úkol 5: Vyberte vizualizaci, která se Vám líbí nejvíce. Upravte barevné schéma tak, aby se Vám výsledek vizuálně líbil ještě více.",click,div,,esri-view-surface.esri-view-surface--touch-none,,html:nth-of-type(1) > body:nth-of-type(1) > div:nth-of-type(2) > div:nth-of-type(1) > div:nth-of-type(1),1053,92,1920,896,0,left,,,,,,,,,,
P04,16809,2025-11-25T10:25:31.982+01:00,2025-11-25T09:25:31.982Z,5,"Úkol 5: Vyberte vizualizaci, která se Vám líbí nejvíce. Upravte barevné schéma tak, aby se Vám výsledek vizuálně líbil ještě více.",click,a,,nav-link,Voxels,html:nth-of-type(1) > body:nth-of-type(1) > div:nth-of-type(1) > div:nth-of-type(1) > div:nth-of-type(1) > a:nth-of-type(7),1816,26,1920,896,0,left,,,,,,,,,,
P04,17206,2025-11-25T10:25:32.379+01:00,2025-11-25T09:25:32.379Z,5,"Úkol 5: Vyberte vizualizaci, která se Vám líbí nejvíce. Upravte barevné schéma tak, aby se Vám výsledek vizuálně líbil ještě více.",click,a,,nav-link,Voxels,html:nth-of-type(1) > body:nth-of-type(1) > div:nth-of-type(1) > div:nth-of-type(1) > div:nth-of-type(1) > a:nth-of-type(7),1821,15,1920,896,0,left,,,,,,,,,,
P04,17210,2025-11-25T10:25:32.383+01:00,2025-11-25T09:25:32.383Z,5,"Úkol 5: Vyberte vizualizaci, která se Vám líbí nejvíce. Upravte barevné schéma tak, aby se Vám výsledek vizuálně líbil ještě více.",click,a,,nav-link,Voxels,html:nth-of-type(1) > body:nth-of-type(1) > div:nth-of-type(1) > div:nth-of-type(1) > div:nth-of-type(1) > a:nth-of-type(7),1819,25,1920,896,0,left,,,,,,,,,,
P04,17300,2025-11-25T10:25:32.473+01:00,2025-11-25T09:25:32.473Z,5,"Úkol 5: Vyberte vizualizaci, která se Vám líbí nejvíce. Upravte barevné schéma tak, aby se Vám výsledek vizuálně líbil ještě více.",visibility,,,,,,,,,,,,,,,,,,,,,"{""hidden"":true}"
P04,0,2025-11-25T10:25:32.851+01:00,2025-11-25T09:25:32.851Z,5,"Úkol 5: Vyberte vizualizaci, která se Vám líbí nejvíce. Upravte barevné schéma tak, aby se Vám výsledek vizuálně líbil ještě více.",session_start,,,,,,,,,,,,,,,,,,,,,"{""ua"":""Mozilla/5.0 (Windows NT 10.0; Win64; x64; rv:145.0) Gecko/20100101 Firefox/145.0"",""viewport_w"":1920,""viewport_h"":896,""url"":""https://vanicektomas.github.io/3D-Geo-Vis_experiment/3d_geo_vis-main/3d_geo_vis-main/voxels.html"",""session_id"":""iajqn3c4h9miedek37""}"
P04,25947,2025-11-25T10:25:58.798+01:00,2025-11-25T09:25:58.798Z,5,"Úkol 5: Vyberte vizualizaci, která se Vám líbí nejvíce. Upravte barevné schéma tak, aby se Vám výsledek vizuálně líbil ještě více.",click,input,transparencyInput,,,html:nth-of-type(1) > body:nth-of-type(1) > div:nth-of-type(3) > div:nth-of-type(2) > div:nth-of-type(1) > input:nth-of-type(1),1754,393,1920,896,0,left,,,,,,,,,,
P04,30794,2025-11-25T10:26:03.645+01:00,2025-11-25T09:26:03.645Z,5,"Úkol 5: Vyberte vizualizaci, která se Vám líbí nejvíce. Upravte barevné schéma tak, aby se Vám výsledek vizuálně líbil ještě více.",click,input,transparencyInput,,,html:nth-of-type(1) > body:nth-of-type(1) > div:nth-of-type(3) > div:nth-of-type(2) > div:nth-of-type(1) > input:nth-of-type(1),1865,365,1920,896,0,left,,,,,,,,,,
P04,32970,2025-11-25T10:26:05.821+01:00,2025-11-25T09:26:05.821Z,5,"Úkol 5: Vyberte vizualizaci, která se Vám líbí nejvíce. Upravte barevné schéma tak, aby se Vám výsledek vizuálně líbil ještě více.",click,input,transparencyInput,,,html:nth-of-type(1) > body:nth-of-type(1) > div:nth-of-type(3) > div:nth-of-type(2) > div:nth-of-type(1) > input:nth-of-type(1),1919,359,1920,896,0,left,,,,,,,,,,
P04,35179,2025-11-25T10:26:08.030+01:00,2025-11-25T09:26:08.030Z,5,"Úkol 5: Vyberte vizualizaci, která se Vám líbí nejvíce. Upravte barevné schéma tak, aby se Vám výsledek vizuálně líbil ještě více.",click,div,,esri-view-surface.esri-view-surface--touch-none,,html:nth-of-type(1) > body:nth-of-type(1) > div:nth-of-type(2) > div:nth-of-type(1) > div:nth-of-type(1),1277,561,1920,896,0,left,,,,,,,,,,
P04,36075,2025-11-25T10:26:08.926+01:00,2025-11-25T09:26:08.927Z,5,"Úkol 5: Vyberte vizualizaci, která se Vám líbí nejvíce. Upravte barevné schéma tak, aby se Vám výsledek vizuálně líbil ještě více.",click,input,endColorPicker,,,html:nth-of-type(1) > body:nth-of-type(1) > div:nth-of-type(3) > div:nth-of-type(2) > div:nth-of-type(1) > div:nth-of-type(1) > input:nth-of-type(3),1843,214,1920,896,0,left,,,,,,,,,,
P04,36189,2025-11-25T10:26:09.040+01:00,2025-11-25T09:26:09.040Z,5,"Úkol 5: Vyberte vizualizaci, která se Vám líbí nejvíce. Upravte barevné schéma tak, aby se Vám výsledek vizuálně líbil ještě více.",blur,,,,,,,,,,,,,,,,,,,,,
P04,39971,2025-11-25T10:26:12.822+01:00,2025-11-25T09:26:12.822Z,5,"Úkol 5: Vyberte vizualizaci, která se Vám líbí nejvíce. Upravte barevné schéma tak, aby se Vám výsledek vizuálně líbil ještě více.",focus,,,,,,,,,,,,,,,,,,,,,
P04,41606,2025-11-25T10:26:14.457+01:00,2025-11-25T09:26:14.457Z,5,"Úkol 5: Vyberte vizualizaci, která se Vám líbí nejvíce. Upravte barevné schéma tak, aby se Vám výsledek vizuálně líbil ještě více.",click,input,startColorPicker,,,html:nth-of-type(1) > body:nth-of-type(1) > div:nth-of-type(3) > div:nth-of-type(2) > div:nth-of-type(1) > div:nth-of-type(1) > input:nth-of-type(1),1715,211,1920,896,0,left,,,,,,,,,,
P04,41712,2025-11-25T10:26:14.563+01:00,2025-11-25T09:26:14.563Z,5,"Úkol 5: Vyberte vizualizaci, která se Vám líbí nejvíce. Upravte barevné schéma tak, aby se Vám výsledek vizuálně líbil ještě více.",blur,,,,,,,,,,,,,,,,,,,,,
P04,47197,2025-11-25T10:26:20.048+01:00,2025-11-25T09:26:20.048Z,5,"Úkol 5: Vyberte vizualizaci, která se Vám líbí nejvíce. Upravte barevné schéma tak, aby se Vám výsledek vizuálně líbil ještě více.",focus,,,,,,,,,,,,,,,,,,,,,
P04,48012,2025-11-25T10:26:20.863+01:00,2025-11-25T09:26:20.863Z,5,"Úkol 5: Vyberte vizualizaci, která se Vám líbí nejvíce. Upravte barevné schéma tak, aby se Vám výsledek vizuálně líbil ještě více.",click,input,middleColorPicker,,,html:nth-of-type(1) > body:nth-of-type(1) > div:nth-of-type(3) > div:nth-of-type(2) > div:nth-of-type(1) > div:nth-of-type(1) > input:nth-of-type(2),1788,204,1920,896,0,left,,,,,,,,,,
P04,48119,2025-11-25T10:26:20.970+01:00,2025-11-25T09:26:20.970Z,5,"Úkol 5: Vyberte vizualizaci, která se Vám líbí nejvíce. Upravte barevné schéma tak, aby se Vám výsledek vizuálně líbil ještě více.",blur,,,,,,,,,,,,,,,,,,,,,
P04,51775,2025-11-25T10:26:24.626+01:00,2025-11-25T09:26:24.626Z,5,"Úkol 5: Vyberte vizualizaci, která se Vám líbí nejvíce. Upravte barevné schéma tak, aby se Vám výsledek vizuálně líbil ještě více.",focus,,,,,,,,,,,,,,,,,,,,,
P04,58353,2025-11-25T10:26:31.204+01:00,2025-11-25T09:26:31.204Z,5,"Úkol 5: Vyberte vizualizaci, která se Vám líbí nejvíce. Upravte barevné schéma tak, aby se Vám výsledek vizuálně líbil ještě více.",click,div,,esri-view-surface.esri-view-surface--touch-none,,html:nth-of-type(1) > body:nth-of-type(1) > div:nth-of-type(2) > div:nth-of-type(1) > div:nth-of-type(1),889,546,1920,896,0,left,,,,,,,,,,
P04,58873,2025-11-25T10:26:31.724+01:00,2025-11-25T09:26:31.724Z,5,"Úkol 5: Vyberte vizualizaci, která se Vám líbí nejvíce. Upravte barevné schéma tak, aby se Vám výsledek vizuálně líbil ještě více.",wheel,canvas,,,,html:nth-of-type(1) > body:nth-of-type(1) > div:nth-of-type(2) > div:nth-of-type(1) > div:nth-of-type(1) > canvas:nth-of-type(1),853,543,1920,896,,,-102,0,up,zoom_in,,,,,,
P04,60580,2025-11-25T10:26:33.431+01:00,2025-11-25T09:26:33.431Z,5,"Úkol 5: Vyberte vizualizaci, která se Vám líbí nejvíce. Upravte barevné schéma tak, aby se Vám výsledek vizuálně líbil ještě více.",wheel,canvas,,,,html:nth-of-type(1) > body:nth-of-type(1) > div:nth-of-type(2) > div:nth-of-type(1) > div:nth-of-type(1) > canvas:nth-of-type(1),853,543,1920,896,,,102,0,down,zoom_out,,,,,,
P04,60682,2025-11-25T10:26:33.533+01:00,2025-11-25T09:26:33.533Z,5,"Úkol 5: Vyberte vizualizaci, která se Vám líbí nejvíce. Upravte barevné schéma tak, aby se Vám výsledek vizuálně líbil ještě více.",wheel,canvas,,,,html:nth-of-type(1) > body:nth-of-type(1) > div:nth-of-type(2) > div:nth-of-type(1) > div:nth-of-type(1) > canvas:nth-of-type(1),853,543,1920,896,,,102,0,down,zoom_out,,,,,,
P04,61857,2025-11-25T10:26:34.708+01:00,2025-11-25T09:26:34.708Z,5,"Úkol 5: Vyberte vizualizaci, která se Vám líbí nejvíce. Upravte barevné schéma tak, aby se Vám výsledek vizuálně líbil ještě více.",wheel,canvas,,,,html:nth-of-type(1) > body:nth-of-type(1) > div:nth-of-type(2) > div:nth-of-type(1) > div:nth-of-type(1) > canvas:nth-of-type(1),820,460,1920,896,,,-102,0,up,zoom_in,,,,,,
P04,74225,2025-11-25T10:26:47.076+01:00,2025-11-25T09:26:47.076Z,5,"Úkol 5: Vyberte vizualizaci, která se Vám líbí nejvíce. Upravte barevné schéma tak, aby se Vám výsledek vizuálně líbil ještě více.",click,input,endColorPicker,,,html:nth-of-type(1) > body:nth-of-type(1) > div:nth-of-type(3) > div:nth-of-type(2) > div:nth-of-type(1) > div:nth-of-type(1) > input:nth-of-type(3),1880,212,1920,896,0,left,,,,,,,,,,
P04,74429,2025-11-25T10:26:47.280+01:00,2025-11-25T09:26:47.280Z,5,"Úkol 5: Vyberte vizualizaci, která se Vám líbí nejvíce. Upravte barevné schéma tak, aby se Vám výsledek vizuálně líbil ještě více.",blur,,,,,,,,,,,,,,,,,,,,,
P04,78703,2025-11-25T10:26:51.554+01:00,2025-11-25T09:26:51.554Z,5,"Úkol 5: Vyberte vizualizaci, která se Vám líbí nejvíce. Upravte barevné schéma tak, aby se Vám výsledek vizuálně líbil ještě více.",focus,,,,,,,,,,,,,,,,,,,,,
P04,424235,2025-11-25T10:27:02.280+01:00,2025-11-25T09:27:02.280Z,5,"Úkol 5: Vyberte vizualizaci, která se Vám líbí nejvíce. Upravte barevné schéma tak, aby se Vám výsledek vizuálně líbil ještě více.",task_end,,,,,,,,,,,,,,,,,,,,,"{""duration_ms"":123451}"
P04,89327,2025-11-25T10:27:02.178+01:00,2025-11-25T09:27:02.178Z,5,"Úkol 5: Vyberte vizualizaci, která se Vám líbí nejvíce. Upravte barevné schéma tak, aby se Vám výsledek vizuálně líbil ještě více.",blur,,,,,,,,,,,,,,,,,,,,,
P04,432152,2025-11-25T10:27:10.197+01:00,2025-11-25T09:27:10.197Z,5,"Úkol 5: Vyberte vizualizaci, která se Vám líbí nejvíce. Upravte barevné schéma tak, aby se Vám výsledek vizuálně líbil ještě více.",task_end,,,,,,,,,,,,,,,,,,,,,"{""duration_ms"":131368}"
P04,443274,2025-11-25T10:27:21.319+01:00,2025-11-25T09:27:21.319Z,5,"Úkol 5: Vyberte vizualizaci, která se Vám líbí nejvíce. Upravte barevné schéma tak, aby se Vám výsledek vizuálně líbil ještě více.",end_clicked,,,,,,,,,,,,,,,,,,,,,"{""participant_id"":""P04""}"
P04,443276,2025-11-25T10:27:21.321+01:00,2025-11-25T09:27:21.321Z,5,"Úkol 5: Vyberte vizualizaci, která se Vám líbí nejvíce. Upravte barevné schéma tak, aby se Vám výsledek vizuálně líbil ještě více.",session_end,,,,,,,,,,,,,,,,,,,,,"{""participant_id"":""P04""}"